dog_name,gender,n
Bella,F,766
Princess,F,574
Lola,F,549
Lucy,F,514
Daisy,F,506
Coco,F,440
Molly,F,413
Chloe,F,329
Maggie,F,316
Ginger,F,303
Lady,F,291
Roxy,F,274
Sophie,F,271
Lily,F,255
Lulu,F,251
Ruby,F,246
Sasha,F,238
Cookie,F,232
Zoe,F,209
Luna,F,204
Sandy,F,201
Mia,F,194
Baby,F,191
Penny,F,182
Stella,F,177
Rosie,F,173
Sadie,F,169
Honey,F,165
Diamond,F,162
Bailey,F,159
Precious,F,158
Missy,F,146
Zoey,F,143
Gracie,F,140
Emma,F,134
Angel,F,130
Pebbles,F,126
Gigi,F,123
Madison,F,122
Lucky,F,111
Minnie,F,111
Roxie,F,111
Samantha,F,110
Abby,F,109
Mimi,F,109
Lexi,F,108
Nina,F,106
Pepper,F,105
Lilly,F,103
Layla,F,101
Foxy,F,98
Brandy,F,95
Sugar,F,94
Nena,F,91
Phoebe,F,91
Belle,F,90
Olive,F,90
Maya,F,89
Holly,F,88
Sheba,F,86
Casey,F,84
Misty,F,82
Trixie,F,81
Nala,F,78
Ellie,F,77
Oreo,F,77
Ella,F,74
Mocha,F,74
Nikki,F,73
Annie,F,72
Katie,F,71
Cocoa,F,70
Betty,F,68
Sophia,F,68
Xena,F,67
Star,F,66
Dixie,F,65
Shadow,F,65
Brooklyn,F,64
Amber,F,63
Jessie,F,63
Sally,F,63
Bonnie,F,62
Hazel,F,62
Isabella,F,62
Sassy,F,61
Jackie,F,60
Muffin,F,59
Candy,F,58
Cindy,F,58
Diva,F,57
Scout,F,57
Millie,F,56
Willow,F,56
Kiki,F,55
Peaches,F,55
Tiffany,F,55
Dakota,F,54
Jasmine,F,54
Kelly,F,52
Cassie,F,51
Fiona,F,51
Fluffy,F,51
Riley,F,51
Charlotte,F,50
Lexie,F,50
Chelsea,F,48
Cleo,F,48
Cinnamon,F,47
Miss,F,47
Peanut,F,47
Buffy,F,46
Charlie,F,46
Maddie,F,46
Delilah,F,45
Brownie,F,44
Chanel,F,44
Dolly,F,44
Dutchess,F,44
Tina,F,44
Winnie,F,44
Olivia,F,43
Pumpkin,F,43
Pearl,F,42
Bambi,F,41
Bianca,F,41
Jade,F,41
Linda,F,41
Crystal,F,40
Grace,F,40
Heidi,F,40
Lacey,F,40
Piper,F,40
Tootsie,F,40
Brandi,F,39
Paris,F,39
Tallulah,F,39
Tinkerbell,F,39
Beauty,F,38
Suzie,F,38
Tara,F,38
Gypsy,F,37
Maxine,F,37
Penelope,F,37
Shelby,F,37
Fifi,F,36
Goldie,F,36
Josie,F,36
Midnight,F,36
Queenie,F,36
Athena,F,35
Bubbles,F,35
Jada,F,35
Jenny,F,35
Harley,F,34
Mabel,F,34
Mindy,F,34
Snowball,F,34
Storm,F,34
Summer,F,34
Cleopatra,F,33
Emily,F,33
Georgia,F,33
Izzy,F,33
Remy,F,33
Roxanne,F,33
Sky,F,33
Susie,F,33
Bebe,F,32
Destiny,F,32
Happy,F,32
Mandy,F,32
Matilda,F,32
Patches,F,32
Maxie,F,31
Suki,F,31
Sunshine,F,31
Cali,F,30
Callie,F,30
Chiquita,F,30
Ebony,F,30
Koko,F,30
Mollie,F,30
Pixie,F,30
Snow,F,30
Tiny,F,30
Ava,F,29
Betsy,F,29
Buttons,F,29
Hannah,F,29
Sammy,F,29
Shea,F,29
Buttercup,F,28
Chi-Chi,F,28
Isis,F,28
Joy,F,28
Nellie,F,28
Sam,F,28
Sweetie,F,28
Abigail,F,27
Faith,F,27
Gucci,F,27
Kayla,F,27
Miley,F,27
Rose,F,27
Savannah,F,27
Tess,F,27
Ally,F,26
Angie,F,26
Hershey,F,26
Julie,F,26
Khloe,F,26
Mona,F,26
Pinky,F,26
Sydney,F,26
Amy,F,25
April,F,25
Chula,F,25
Daphne,F,25
Dolce,F,25
Duchess,F,25
Greta,F,25
Lila,F,25
Sabrina,F,25
Sara,F,25
Snowy,F,25
Tasha,F,25
Violet,F,25
Becky,F,24
Biscuit,F,24
China,F,24
Cupcake,F,24
Dora,F,24
Dottie,F,24
Eva,F,24
Laila,F,24
Leila,F,24
Marley,F,24
Mini,F,24
Muneca,F,24
Sofia,F,24
Darla,F,23
Frankie,F,23
Gia,F,23
Gidget,F,23
Gina,F,23
Gizmo,F,23
Ivy,F,23
Jenna,F,23
Jesse,F,23
Mila,F,23
Moxie,F,23
Petunia,F,23
Abbey,F,22
Alice,F,22
Allie,F,22
Annabelle,F,22
Hope,F,22
Lexus,F,22
Peggy,F,22
Sofie,F,22
Sookie,F,22
Sparkle,F,22
Zelda,F,22
Baci,F,21
Bibi,F,21
Blue,F,21
Dee,F,21
Frida,F,21
Gabby,F,21
Kira,F,21
Leah,F,21
Mika,F,21
Murphy,F,21
Mya,F,21
Nikita,F,21
Suzy,F,21
Ashley,F,20
Audrey,F,20
Billie,F,20
Boo,F,20
Chica,F,20
Eloise,F,20
Lizzie,F,20
Maddy,F,20
Mitzi,F,20
Morgan,F,20
Raven,F,20
Sarah,F,20
Shayna,F,20
Sheena,F,20
Victoria,F,20
Zena,F,20
Chyna,F,19
Cricket,F,19
Isabelle,F,19
Jazzy,F,19
KC,F,19
Libby,F,19
Little,F,19
Nana,F,19
Sammie,F,19
Sandi,F,19
Sunny,F,19
Taffy,F,19
Wendy,F,19
Blanca,F,18
Cherry,F,18
Dusty,F,18
June,F,18
Juno,F,18
Lili,F,18
Mama,F,18
Maxi,F,18
Skye,F,18
Snuggles,F,18
Bobo,F,17
Bunny,F,17
Chewy,F,17
Clover,F,17
Jezebel,F,17
Liberty,F,17
Lil,F,17
Lyla,F,17
Macy,F,17
Mei,F,17
Onyx,F,17
Sweet,F,17
Sweety,F,17
Bandit,F,16
Bessie,F,16
Britney,F,16
Clementine,F,16
Emmy,F,16
Haley,F,16
Juliet,F,16
Kiwi,F,16
Lolita,F,16
Mattie,F,16
Ms.,F,16
Noel,F,16
Polly,F,16
Scarlett,F,16
Sierra,F,16
Snickers,F,16
Tessa,F,16
Truffles,F,16
Venus,F,16
Autumn,F,15
Bijou,F,15
Blackie,F,15
Butter,F,15
Carly,F,15
Chi,F,15
Fendi,F,15
Jazz,F,15
Juliette,F,15
Kali,F,15
Karma,F,15
Lexy,F,15
Lula,F,15
Mary,F,15
Sable,F,15
Sami,F,15
Starr,F,15
Tia,F,15
Tilly,F,15
Trinity,F,15
Abbie,F,14
Bear,F,14
Cheyenne,F,14
Cuddles,F,14
Eve,F,14
Franny,F,14
Harper,F,14
India,F,14
Isabel,F,14
Jessica,F,14
Jojo,F,14
Kitty,F,14
Lala,F,14
Maisie,F,14
Maisy,F,14
May,F,14
Mochi,F,14
Momo,F,14
Nora,F,14
Pookie,F,14
Poppy,F,14
Priscilla,F,14
Anna,F,13
Apple,F,13
Asia,F,13
Beatrice,F,13
Blondie,F,13
Cassidy,F,13
Cha-Cha,F,13
Chocolate,F,13
Chole,F,13
Chrissy,F,13
Clara,F,13
Cody,F,13
Edie,F,13
Frances,F,13
Georgie,F,13
Jill,F,13
Jolie,F,13
Josephine,F,13
Kasey,F,13
Kaylee,F,13
Misha,F,13
Munchkin,F,13
Nelly,F,13
Nia,F,13
Nicky,F,13
Nico,F,13
Nika,F,13
Nyla,F,13
Panda,F,13
Pepsi,F,13
Perla,F,13
Pickles,F,13
Pippa,F,13
Princesa,F,13
Roxi,F,13
Sheeba,F,13
Snowflake,F,13
Sushi,F,13
Tiki,F,13
Valentina,F,13
Whitney,F,13
Aurora,F,12
Barbie,F,12
Blossom,F,12
Bonita,F,12
Cara,F,12
Cici,F,12
Coconut,F,12
Darcy,F,12
Elsie,F,12
Emmie,F,12
Freckles,F,12
Hennessy,F,12
Jane,F,12
Juicy,F,12
Julia,F,12
Kaya,F,12
Lacy,F,12
Laika,F,12
Lassie,F,12
Leia,F,12
Lilo,F,12
Lisa,F,12
Magic,F,12
Melody,F,12
Natasha,F,12
Niki,F,12
Parker,F,12
Patsy,F,12
Scarlet,F,12
Shana,F,12
Shiloh,F,12
Simba,F,12
Tammy,F,12
Teddy,F,12
Tracy,F,12
Yuki,F,12
Ariel,F,11
Beba,F,11
Bridget,F,11
Chispita,F,11
Cinderella,F,11
Coffee,F,11
Gabriella,F,11
Jersey,F,11
Kimba,F,11
Kisses,F,11
Krystal,F,11
Lana,F,11
Lea,F,11
Liza,F,11
Madeline,F,11
Maia,F,11
Queen,F,11
Ripley,F,11
Scruffy,F,11
Shakira,F,11
Shannon,F,11
Sheila,F,11
Sienna,F,11
Stevie,F,11
Babe,F,10
Bela,F,10
Brenda,F,10
Claire,F,10
Cutie,F,10
Dina,F,10
Elizabeth,F,10
Elsa,F,10
Gabrielle,F,10
Guinness,F,10
Halle,F,10
Halo,F,10
Jamie,F,10
Java,F,10
Jewels,F,10
Joey,F,10
Judy,F,10
Kahlua,F,10
Keiko,F,10
Lena,F,10
London,F,10
Luca,F,10
Lupe,F,10
Maple,F,10
Mina,F,10
Nicki,F,10
Paisley,F,10
Prada,F,10
Rachel,F,10
Rudy,F,10
Sage,F,10
Susy,F,10
Tabitha,F,10
Tanya,F,10
Tequila,F,10
Tessie,F,10
Tiger,F,10
Willa,F,10
Agnes,F,9
Amanda,F,9
Bean,F,9
Chili,F,9
Dallas,F,9
Dana,F,9
Dutches,F,9
Eleanor,F,9
Gertrude,F,9
Gretchen,F,9
Hailey,F,9
Hana,F,9
Iris,F,9
Izzie,F,9
KIARA,F,9
Kylie,F,9
Kyra,F,9
Lizzy,F,9
Louise,F,9
Lucia,F,9
Michelle,F,9
Mitzy,F,9
Negra,F,9
Nell,F,9
Nola,F,9
Ollie,F,9
Paige,F,9
Patty,F,9
Phoenix,F,9
Reina,F,9
Remi,F,9
River,F,9
Rusty,F,9
Sacha,F,9
Saki,F,9
Sammi,F,9
Sapphire,F,9
Shirley,F,9
Simone,F,9
Smokey,F,9
Toto,F,9
Trina,F,9
Trouble,F,9
Uma,F,9
Valentine,F,9
Vicky,F,9
Yoshi,F,9
Zooey,F,9
Zsa,F,9
Zuzu,F,9
Ali,F,8
Bagel,F,8
Blu,F,8
Boo-Boo,F,8
Brandie,F,8
Button,F,8
Candie,F,8
Canela,F,8
Caramel,F,8
CC,F,8
Cee-Cee,F,8
Charley,F,8
Chewie,F,8
Cora,F,8
Domino,F,8
Ethel,F,8
Fancy,F,8
Freya,F,8
Gemma,F,8
Gertie,F,8
Godiva,F,8
Gwen,F,8
Hera,F,8
Hudson,F,8
Jazmine,F,8
Jewel,F,8
Jinx,F,8
Katy,F,8
Keira,F,8
Kuma,F,8
Lacie,F,8
Lexington,F,8
Lina,F,8
Maggy,F,8
Magnolia,F,8
Max,F,8
Melanie,F,8
Mercedes,F,8
Mishka,F,8
Moose,F,8
Nahla,F,8
Noelle,F,8
Ophelia,F,8
Paloma,F,8
PHEOBE,F,8
Reba,F,8
Reese,F,8
Reilly,F,8
Rosey,F,8
Sake,F,8
Sandra,F,8
Scooter,F,8
Serena,F,8
Shiva,F,8
Shorty,F,8
Skylar,F,8
Snookie,F,8
Sparky,F,8
Spirit,F,8
Stormy,F,8
Taz,F,8
Tippy,F,8
Tula,F,8
Virginia,F,8
Winter,F,8
Ziggy,F,8
Asta,F,7
Bee,F,7
Bitsy,F,7
Brady,F,7
Brianna,F,7
Cassandra,F,7
Chai,F,7
Chispa,F,7
Clio,F,7
Cloe,F,7
Comet,F,7
Connie,F,7
Cotton,F,7
DJ,F,7
Dori,F,7
Dorothy,F,7
Dotty,F,7
Eevee,F,7
Estrellita,F,7
Etta,F,7
Flora,F,7
Francesca,F,7
Gemini,F,7
Hayley,F,7
HEATHER,F,7
Indie,F,7
Ivory,F,7
Jet,F,7
Jordan,F,7
Kate,F,7
Kona,F,7
Leela,F,7
Lilah,F,7
Lilli,F,7
Lillie,F,7
Loki,F,7
Lu,F,7
Lucille,F,7
Lulubelle,F,7
Mariah,F,7
Mazzy,F,7
Megan,F,7
Merry,F,7
Mica,F,7
Milky,F,7
Milly,F,7
Myrtle,F,7
Pelusa,F,7
Pickle,F,7
Preciosa,F,7
Rainbow,F,7
Rio,F,7
Rosa,F,7
Saba,F,7
Sisi,F,7
Sissy,F,7
Snoopy,F,7
Sonya,F,7
Spunky,F,7
Sundae,F,7
Sylvia,F,7
Taylor,F,7
Tinker,F,7
Toby,F,7
Tosca,F,7
Tulip,F,7
Twinkle,F,7
Addie,F,6
Addy,F,6
Adele,F,6
Akira,F,6
ALEXANDRA,F,6
Alexis,F,6
Alma,F,6
Angelina,F,6
Aria,F,6
Aries,F,6
BABETTE,F,6
Babygirl,F,6
Blacky,F,6
Boots,F,6
Brittany,F,6
Brook,F,6
Candi,F,6
Carmen,F,6
Carrie,F,6
Cece,F,6
Chance,F,6
Chiqui,F,6
Christmas,F,6
Christy,F,6
CO,F,6
Cosita,F,6
Daisey,F,6
Dasha,F,6
Desi,F,6
Dior,F,6
Doris,F,6
Dulce,F,6
Elle,F,6
Evie,F,6
Farrah,F,6
Fenway,F,6
Fergie,F,6
Gem,F,6
Ginny,F,6
Gloria,F,6
Hanna,F,6
Harlow,F,6
Hunter,F,6
Jelly,F,6
Jessy,F,6
Jetta,F,6
JJ,F,6
Kelsey,F,6
Kerry,F,6
Kobe,F,6
LA,F,6
Ladybug,F,6
Lara,F,6
Lita,F,6
Loca,F,6
Lolly,F,6
Mackenzie,F,6
Mae,F,6
Marble,F,6
Maria,F,6
Marie,F,6
Mickey,F,6
Midnite,F,6
Mimosa,F,6
Miranda,F,6
Moka,F,6
Monkey,F,6
Mookie,F,6
Mystic,F,6
Nani,F,6
Nicole,F,6
Nova,F,6
Pandora,F,6
Patti,F,6
Pippi,F,6
Powder,F,6
Presley,F,6
Princessa,F,6
Prudence,F,6
Puppy,F,6
Reeses,F,6
Rigby,F,6
Rita,F,6
Rogue,F,6
Rosy,F,6
Sachi,F,6
Schatzi,F,6
Secret,F,6
Sexy,F,6
Shaina,F,6
Shyla,F,6
Snooki,F,6
Sparkles,F,6
Sue,F,6
Suzi,F,6
Terry,F,6
Tuesday,F,6
Twinkie,F,6
Veronica,F,6
Vita,F,6
Wrigley,F,6
Yoyo,F,6
Zoie,F,6
Aaliyah,F,5
Agatha,F,5
Alfie,F,5
ALLEGRA,F,5
Annabella,F,5
Anni,F,5
Ashlee,F,5
Avalon,F,5
Beverly,F,5
Birdie,F,5
Blaze,F,5
Boobie,F,5
Bosco,F,5
Bree,F,5
Bronte,F,5
Brook-Lynn,F,5
BROOKE,F,5
Buddy,F,5
Cecilia,F,5
Chewbacca,F,5
CJ,F,5
COCOCHANEL,F,5
Cola,F,5
Cooper,F,5
Corky,F,5
Courtney,F,5
Dagny,F,5
Dalila,F,5
Darby,F,5
Dash,F,5
DeeDee,F,5
Demi,F,5
Deva,F,5
Diana,F,5
Dinah,F,5
Donatella,F,5
Donna,F,5
Dory,F,5
Dot,F,5
Duffy,F,5
Echo,F,5
Egypt,F,5
Elly,F,5
Estrella,F,5
Fannie,F,5
Fanny,F,5
Foxi,F,5
Foxie,F,5
Fudge,F,5
Giselle,F,5
Halley,F,5
Hallie,F,5
Henny,F,5
Henrietta,F,5
Jacqueline,F,5
Janet,F,5
Janie,F,5
Jennifer,F,5
Jett,F,5
Jingles,F,5
KACEY,F,5
Kara,F,5
Kathy,F,5
Kaycee,F,5
Kenya,F,5
Kia,F,5
Kimchi,F,5
Kimi,F,5
Koda,F,5
Krissy,F,5
Kylee,F,5
Latte,F,5
Leyla,F,5
Lia,F,5
Liesl,F,5
Lori,F,5
Lou,F,5
Love,F,5
Lucero,F,5
Luka,F,5
Madeleine,F,5
Mango,F,5
Margo,F,5
Marilyn,F,5
Marshmallow,F,5
Marta,F,5
Martini,F,5
MeiMei,F,5
Michaela,F,5
Miko,F,5
Mimzy,F,5
Mira,F,5
Miracle,F,5
Montana,F,5
Moon,F,5
Mui,F,5
Negrita,F,5
Nica,F,5
Noodle,F,5
Nunu,F,5
Oona,F,5
Pia,F,5
Pip,F,5
Pippin,F,5
Poochie,F,5
Pretty,F,5
Puffy,F,5
Puma,F,5
Quinn,F,5
Raisin,F,5
Rebecca,F,5
Red,F,5
Reggie,F,5
Rocky,F,5
Roo,F,5
Rory,F,5
Rosalita,F,5
Ruthie,F,5
Sailor,F,5
Salsa,F,5
Sandee,F,5
Sandie,F,5
Sashi,F,5
Savanna,F,5
Schatzie,F,5
Selena,F,5
Shanti,F,5
Shayla,F,5
Shiba,F,5
Sidney,F,5
Siena,F,5
Silver,F,5
Skittles,F,5
Snoop,F,5
Sofi,F,5
Spice,F,5
Susi,F,5
Taina,F,5
Teddi,F,5
Terror,F,5
Thelma,F,5
Tinka,F,5
Tita,F,5
Trixy,F,5
Trudy,F,5
Twiggy,F,5
Waffles,F,5
Wanda,F,5
Wilma,F,5
Zara,F,5
Zora,F,5
Aggie,F,4
Alexa,F,4
Althea,F,4
Amelia,F,4
Anabelle,F,4
Angela,F,4
Angelica,F,4
Annabel,F,4
Arrow,F,4
Asha,F,4
Ashanti,F,4
Basil,F,4
Baylee,F,4
Beckett,F,4
Bell,F,4
Bertha,F,4
Bess,F,4
Beth,F,4
Bettie,F,4
Big,F,4
Bijoux,F,4
Bisou,F,4
Black,F,4
Blanche,F,4
Blanquita,F,4
Breezy,F,4
Bri,F,4
Bridie,F,4
Bubble,F,4
Butters,F,4
Butterscotch,F,4
Cagney,F,4
Calypso,F,4
Cami,F,4
Camille,F,4
Carlie,F,4
Cassey,F,4
Ceili,F,4
Cha,F,4
Chaka,F,4
Champagne,F,4
Channel,F,4
Charli,F,4
Charly,F,4
Charo,F,4
Chickie,F,4
Choco,F,4
Chocolat,F,4
Christina,F,4
Chuchi,F,4
Ciara,F,4
Claudia,F,4
Cosmo,F,4
CREAM,F,4
Cubby,F,4
Daria,F,4
Daysi,F,4
DAZY,F,4
Debbie,F,4
Delia,F,4
DESDEMONA,F,4
Dharma,F,4
Dingo,F,4
Dobby,F,4
Donut,F,4
Dylan,F,4
Electra,F,4
EMI,F,4
Erin,F,4
Esme,F,4
Evy,F,4
Fawn,F,4
Felicia,F,4
Fern,F,4
Flower,F,4
Fran,F,4
Frenchie,F,4
Friday,F,4
Frieda,F,4
Gaby,F,4
GENEVIEVE,F,4
George,F,4
Giggles,F,4
Gilda,F,4
Girl,F,4
Gisele,F,4
Goose,F,4
Guinevere,F,4
Gussie,F,4
Hattie,F,4
Heaven,F,4
Ices,F,4
Indy,F,4
J-Lo,F,4
Jasmin,F,4
Jean,F,4
Jennie,F,4
JODY,F,4
Jules,F,4
Juniper,F,4
Kai,F,4
Kaiya,F,4
Kallie,F,4
Kasha,F,4
Kenzie,F,4
Kika,F,4
Kilo,F,4
Kita,F,4
KIZZY,F,4
Kola,F,4
Kookie,F,4
KUKLA,F,4
Laci,F,4
Ladie,F,4
Lani,F,4
Leda,F,4
Lela,F,4
Leona,F,4
Lexa,F,4
Lexis,F,4
Lillian,F,4
Lindsey,F,4
Lolli,F,4
Lollipop,F,4
Loretta,F,4
Lovely,F,4
Lucca,F,4
Lucie,F,4
Lupa,F,4
Lupita,F,4
Mable,F,4
Macey,F,4
Magee,F,4
Maizie,F,4
Mali,F,4
Mamie,F,4
Margot,F,4
Martha,F,4
Masha,F,4
Mathilda,F,4
Maude,F,4
Meghan,F,4
MEKA,F,4
Meli,F,4
Meme,F,4
Mildred,F,4
Ming,F,4
Mink,F,4
Minny,F,4
Misia,F,4
Miso,F,4
MJ,F,4
Moca,F,4
Mocca,F,4
Money,F,4
Morena,F,4
Mugsy,F,4
Nacho,F,4
Nakita,F,4
Nalla,F,4
Nancy,F,4
Naomi,F,4
Natalie,F,4
Nera,F,4
NICOLETTE,F,4
Nugget,F,4
Nya,F,4
Oakley,F,4
Opal,F,4
Otis,F,4
Pancake,F,4
Panchita,F,4
Peekaboo,F,4
Pepa,F,4
Peppa,F,4
Peppi,F,4
PERLITA,F,4
Pie,F,4
Piglet,F,4
Pilot,F,4
Pinina,F,4
Pink,F,4
Pixel,F,4
Pooh,F,4
Popcorn,F,4
Pork,F,4
Posie,F,4
Pucci,F,4
Puggy,F,4
PUNKIN,F,4
Raja,F,4
Rascal,F,4
Roma,F,4
Ruffles,F,4
Rylee,F,4
Sahara,F,4
Sambuca,F,4
Sascha,F,4
Sassie,F,4
Scooby,F,4
Scrappy,F,4
Sedona,F,4
Shakti,F,4
Shamrock,F,4
Shasha,F,4
SHELLY,F,4
Shera,F,4
SINDY,F,4
Sola,F,4
Solo,F,4
Stacy,F,4
Sussy,F,4
Tally,F,4
Talula,F,4
Thalia,F,4
Tigger,F,4
Tillie,F,4
Tinkerbelle,F,4
Toffee,F,4
Toni,F,4
Tonka,F,4
Topaz,F,4
Tyra,F,4
Una,F,4
Velma,F,4
Vida,F,4
Vivian,F,4
Wednesday,F,4
Weezie,F,4
Whiskey,F,4
Whisper,F,4
Wrinkles,F,4
Wynter,F,4
Yaya,F,4
Yum,F,4
ZaZu,F,4
Zeta,F,4
Ada,F,3
Addison,F,3
Adelaide,F,3
Adrian,F,3
Adriana,F,3
Akasha,F,3
Akila,F,3
Alabama,F,3
ALBA,F,3
Alex,F,3
Alisa,F,3
Alize,F,3
Aly,F,3
AMERICA,F,3
Ana,F,3
Anastasia,F,3
Andie,F,3
Andy,F,3
Angelique,F,3
Aphrodite,F,3
Aspen,F,3
Augie,F,3
August,F,3
Ayla,F,3
Aza,F,3
Babie,F,3
Bacardi,F,3
Bacci,F,3
Bailee,F,3
Bali,F,3
Bamboo,F,3
Bamby,F,3
Basha,F,3
BB,F,3
Be,F,3
Beanie,F,3
Beasley,F,3
Bebi,F,3
Becca,F,3
Bellamia,F,3
Bette,F,3
BEYONCE,F,3
Billy,F,3
Bindi,F,3
Binky,F,3
Birdy,F,3
Bleu,F,3
Bo,F,3
Boca,F,3
Breeze,F,3
Bridgette,F,3
Brindle,F,3
Bristol,F,3
Brody,F,3
Bronx,F,3
BUBA,F,3
Bubba,F,3
Buddha,F,3
Bully,F,3
Buster,F,3
Calliope,F,3
Cally,F,3
Camila,F,3
Caroline,F,3
Casper,F,3
Cassy,F,3
Cecelia,F,3
Celeste,F,3
Chachi,F,3
Cheri,F,3
Chestnut,F,3
Chevy,F,3
Chicky,F,3
Chilly,F,3
Cindi,F,3
Cinnamin,F,3
Clancy,F,3
Clarabelle,F,3
Clarice,F,3
Cloey,F,3
Cocco,F,3
Cocobella,F,3
Colette,F,3
Copper,F,3
CRISTAL,F,3
Cristina,F,3
CUCA,F,3
Cybil,F,3
DAFNEY,F,3
Daizy,F,3
Daly,F,3
Dandy,F,3
Darling,F,3
DAWN,F,3
Dax,F,3
Dayzee,F,3
Della,F,3
Disco,F,3
Dizzy,F,3
Dodi,F,3
DOLLIE,F,3
DOXIE,F,3
Drama,F,3
Edith,F,3
Eli,F,3
ELIZA,F,3
Emerald,F,3
Emme,F,3
Emy,F,3
EVEE,F,3
Evelyn,F,3
Evita,F,3
Fay,F,3
Faye,F,3
Feather,F,3
FEFE,F,3
FINA,F,3
Fire,F,3
Fleur,F,3
Flurry,F,3
Foxxy,F,3
Francine,F,3
Frannie,F,3
Freddie,F,3
Frosty,F,3
Fuji,F,3
Gaia,F,3
Garbo,F,3
Gee,F,3
Genesis,F,3
Geneva,F,3
Georgi,F,3
Gi,F,3
Gingersnap,F,3
Gingi,F,3
GINGIN,F,3
Gioia,F,3
Gipsy,F,3
Go-Go,F,3
Godzilla,F,3
GORDA,F,3
Gremlin,F,3
Gretel,F,3
Gus,F,3
Harmony,F,3
Harriet,F,3
Havana,F,3
Haylee,F,3
Haze,F,3
Hennessey,F,3
Hildy,F,3
Hillary,F,3
Honeybee,F,3
Hops,F,3
HULA,F,3
Hunny,F,3
Ice,F,3
Ida,F,3
Iggy,F,3
Indiana,F,3
Inga,F,3
Jack,F,3
Jackson,F,3
Jana,F,3
Jasper,F,3
Jayda,F,3
JEANNIE,F,3
Jillian,F,3
Jin,F,3
Jodi,F,3
Jones,F,3
Joni,F,3
Juicey,F,3
Junebug,F,3
Kaci,F,3
Kaia,F,3
Kaja,F,3
KALA,F,3
Kami,F,3
KANDY,F,3
Kassi,F,3
KAWAII,F,3
Keke,F,3
Kelli,F,3
Kellie,F,3
KERRI,F,3
Kiko,F,3
Kiley,F,3
Killer,F,3
Kim,F,3
Kirby,F,3
Kiska,F,3
KISMET,F,3
Kiss,F,3
Kissy,F,3
Klara,F,3
Koukla,F,3
KUKI,F,3
Kyla,F,3
Lada,F,3
Ladi,F,3
Lakota,F,3
Laura,F,3
Leeloo,F,3
Licorice,F,3
Loli,F,3
Loly,F,3
Lorelei,F,3
Lottie,F,3
Lovey,F,3
Luci,F,3
Lucinda,F,3
Lucki,F,3
LUCKIE,F,3
LYNDA,F,3
MACIE,F,3
Madam,F,3
Madame,F,3
Maddi,F,3
Mai,F,3
Mala,F,3
Mamacita,F,3
Mancha,F,3
Mandi,F,3
Mara,F,3
Mariposa,F,3
Marla,F,3
Marlee,F,3
Marnie,F,3
Martina,F,3
Matisse,F,3
Mattingly,F,3
Matty,F,3
Maui,F,3
Mavis,F,3
Maybel,F,3
Mecca,F,3
Meg,F,3
Meggie,F,3
Melina,F,3
Mella,F,3
Midge,F,3
Mija,F,3
Mikayla,F,3
Miki,F,3
Milan,F,3
Mischief,F,3
Mitzie,F,3
Mokey,F,3
Momma,F,3
Monica,F,3
Moo,F,3
Mora,F,3
Mrs.,F,3
MUFFY,F,3
Myla,F,3
Myra,F,3
NADIA,F,3
Nasha,F,3
Neena,F,3
Negri,F,3
Nella,F,3
Nene,F,3
Nike,F,3
Nikkie,F,3
Nilla,F,3
Ninja,F,3
Noche,F,3
Noodles,F,3
Nutmeg,F,3
Nyah,F,3
Nylah,F,3
OLYMPIA,F,3
Pacha,F,3
Paddington,F,3
Page,F,3
Pamela,F,3
Pasha,F,3
Patience,F,3
Pebble,F,3
Peebles,F,3
Pepita,F,3
Peppermint,F,3
Peppy,F,3
Persia,F,3
Petey,F,3
Petra,F,3
Phyllis,F,3
Piggy,F,3
Pika,F,3
Pippy,F,3
PJ,F,3
Pocket,F,3
Pom,F,3
Poo,F,3
Poppi,F,3
Porscha,F,3
Porsche,F,3
Portia,F,3
Posy,F,3
Prancer,F,3
PRINCES,F,3
Puchi,F,3
Puddin,F,3
Puddles,F,3
PUMKIN,F,3
Punky,F,3
Queens,F,3
QUEENY,F,3
Rags,F,3
Ramona,F,3
Raquel,F,3
Reagan,F,3
Regina,F,3
Remmie,F,3
Rhoda,F,3
Rizzo,F,3
Rocksy,F,3
Romy,F,3
Rosebud,F,3
Roxxy,F,3
Ryder,F,3
Sabi,F,3
Sabina,F,3
Sabine,F,3
Sady,F,3
Saffron,F,3
Sallie,F,3
Samba,F,3
Schnitzel,F,3
Scrappie,F,3
SERENITY,F,3
Sesame,F,3
Seven,F,3
Shady,F,3
Shaggy,F,3
Shai,F,3
Shane,F,3
Shashi,F,3
Sherry,F,3
Shumai,F,3
Shy,F,3
Simona,F,3
Six,F,3
Skyla,F,3
Slim,F,3
SMUDGE,F,3
Snowwhite,F,3
Soda,F,3
Sonja,F,3
Sonny,F,3
Spanky,F,3
Sparta,F,3
Strom,F,3
Sully,F,3
Sunday,F,3
Suri,F,3
Susan,F,3
Sweetheart,F,3
Sweetpea,F,3
SYLVIE,F,3
Symphony,F,3
Tabatha,F,3
Talulah,F,3
Tamara,F,3
Tashi,F,3
Taxi,F,3
Telly,F,3
Tennessee,F,3
Terra,F,3
Terri,F,3
The,F,3
Thea,F,3
Tibby,F,3
Tinsel,F,3
Tipper,F,3
Toast,F,3
Tobi,F,3
Tonks,F,3
Tracey,F,3
Treasure,F,3
Trudie,F,3
Tuffy,F,3
Tutu,F,3
Tyler,F,3
Ursa,F,3
Ursula,F,3
Val,F,3
Valkyrie,F,3
Vanessa,F,3
Vanilla,F,3
Vegas,F,3
Velvet,F,3
Vera,F,3
VESPA,F,3
Vesper,F,3
Vesta,F,3
Vickie,F,3
Vienna,F,3
Viva,F,3
VIXEN,F,3
Wally,F,3
White,F,3
WINIFRED,F,3
Wolfie,F,3
Wren,F,3
Xenia,F,3
Xina,F,3
Yoko,F,3
Yuri,F,3
ZADIE,F,3
Zazie,F,3
Zeena,F,3
Zero,F,3
Zita,F,3
Ziti,F,3
Ziva,F,3
ZOLA,F,3
Zuma,F,3
Zuri,F,3
Abbi,F,2
Abhaya,F,2
Addi,F,2
Adi,F,2
Adrienne,F,2
Aiko,F,2
Aine,F,2
Aja,F,2
Alaska,F,2
Alegria,F,2
ALICIA,F,2
ALLEY,F,2
Alli,F,2
Allison,F,2
Aloha,F,2
Alvina,F,2
Amaya,F,2
Amazing,F,2
AMELIE,F,2
Amie,F,2
Amma,F,2
Anabel,F,2
Andi,F,2
Anita,F,2
Anja,F,2
ANKA,F,2
Annabell,F,2
ANNE,F,2
Annika,F,2
ANOUK,F,2
Anya,F,2
Apollonia,F,2
APRICOT,F,2
Arabella,F,2
Archie,F,2
Aretha,F,2
Ari,F,2
Arizona,F,2
Artemis,F,2
ASHES,F,2
Asti,F,2
Astor,F,2
Astrid,F,2
Athina,F,2
ATTIE,F,2
Aubrey,F,2
Avalanche,F,2
Avery,F,2
Aya,F,2
Ayumi,F,2
AZZA,F,2
Babi,F,2
Bacon,F,2
BAILIE,F,2
Bambina,F,2
Banana,F,2
Bao,F,2
Barbara,F,2
Bari,F,2
Barley,F,2
Basia,F,2
Bea,F,2
Beamer,F,2
Beans,F,2
Bebee,F,2
Bebop,F,2
BEGONIA,F,2
Belka,F,2
Belly,F,2
Benjamina,F,2
Benji,F,2
Bennett,F,2
Bentley,F,2
BERNICE,F,2
Bernie,F,2
Berry,F,2
Beulah,F,2
Biba,F,2
Bing,F,2
Bingo,F,2
Binx,F,2
BIRKIN,F,2
Bleecker,F,2
Bling,F,2
Bliss,F,2
Blondy,F,2
Bobbi,F,2
BOMBON,F,2
Bomi,F,2
BONSAI,F,2
Boomer,F,2
BOOTSIE,F,2
BOOTY,F,2
Boston,F,2
Boudicca,F,2
Bouncer,F,2
Brandee,F,2
Brandygirl,F,2
Briana,F,2
Brie,F,2
Brittney,F,2
Brown,F,2
Browny,F,2
Bryce,F,2
Brynn,F,2
Bubblez,F,2
Bug,F,2
Bumper,F,2
Cadence,F,2
Cady,F,2
CALAMITY,F,2
Calie,F,2
CALLI,F,2
Camelia,F,2
Camilla,F,2
Candice,F,2
Caper,F,2
Cappuccino,F,2
Capri,F,2
Carmella,F,2
Carolina,F,2
Carter,F,2
Cash,F,2
Cashew,F,2
Cashmere,F,2
Casie,F,2
Catalina,F,2
Cee,F,2
CEILIDH,F,2
Celine,F,2
Chalice,F,2
CHANSEY,F,2
Chap,F,2
Chardonnay,F,2
CHARLENE,F,2
Chase,F,2
Chasen,F,2
Chasey,F,2
Chauncey,F,2
Chaz,F,2
Cheche,F,2
Cheetah,F,2
CHENELLE,F,2
CHER,F,2
CHERISH,F,2
CHEROKEE,F,2
Chessie,F,2
CHEYANNE,F,2
Chia,F,2
CHICKLET,F,2
Chiclet,F,2
Chico,F,2
Chiki,F,2
Chikita,F,2
Chiky,F,2
Chilipeppe,F,2
Chilli,F,2
Chioe,F,2
CHIQUIS,F,2
Chiquitita,F,2
Chleo,F,2
Chow,F,2
CHRISTIE,F,2
Chubby,F,2
Chucky,F,2
CIELO,F,2
Cinder,F,2
Circe,F,2
CLARE,F,2
Cloie,F,2
Coca,F,2
COKIE,F,2
Colleen,F,2
Collette,F,2
CONCHITA,F,2
Cookies,F,2
Coqueta,F,2
Coqui,F,2
Cordelia,F,2
Corey,F,2
Corona,F,2
Cosi,F,2
COUTURE,F,2
Cow,F,2
CUJA,F,2
Cup,F,2
Curly,F,2
Curry,F,2
Cyan,F,2
CYPRESS,F,2
Daffodil,F,2
Daffy,F,2
DAHLIA,F,2
Dali,F,2
DANCER,F,2
Danger,F,2
Dani,F,2
Danni,F,2
Dara,F,2
Dark,F,2
Darna,F,2
Dascha,F,2
Dayle,F,2
DAYSE,F,2
Dazzle,F,2
DD,F,2
DE,F,2
DECEMBER,F,2
Dede,F,2
DEENA,F,2
Deja,F,2
Delila,F,2
Delphi,F,2
Delta,F,2
Dempsey,F,2
DEOGEE,F,2
Desire,F,2
Desiree,F,2
Devin,F,2
Dexie,F,2
Diane,F,2
Didi,F,2
Ding,F,2
Dionne,F,2
Django,F,2
Dodger,F,2
Dollar,F,2
Doly,F,2
Dona,F,2
Doodle,F,2
DOXY,F,2
DRUSILLA,F,2
Dublin,F,2
DUCK,F,2
Ducky,F,2
DUSYA,F,2
Dutch,F,2
Eagle,F,2
Ebbie,F,2
Eddie,F,2
Edna,F,2
Edwina,F,2
Elektra,F,2
Elie,F,2
Elke,F,2
Elli,F,2
Elphie,F,2
EMBER,F,2
Emmi,F,2
Emmylou,F,2
Envy,F,2
Eros,F,2
ESSENCE,F,2
Ester,F,2
Esther,F,2
EVEY,F,2
Eydie,F,2
Fame,F,2
Fanya,F,2
Fatima,F,2
FE,F,2
Feisty,F,2
Finn,F,2
Finnegan,F,2
FLAG,F,2
Floppy,F,2
Flopsy,F,2
Florence,F,2
FLOW,F,2
Forest,F,2
FORTUNE,F,2
Foster,F,2
Fox,F,2
Freda,F,2
Free,F,2
Freida,F,2
FREJA,F,2
Freyja,F,2
Frisbee,F,2
Frisky,F,2
Fritzie,F,2
GABBIE,F,2
Gabi,F,2
GADGET,F,2
Gala,F,2
Geisha,F,2
Gena,F,2
Georgette,F,2
Georgina,F,2
GERDA,F,2
GG,F,2
GIANA,F,2
Gianna,F,2
GIN,F,2
Giovanna,F,2
Girlfriend,F,2
Girlie,F,2
Girly,F,2
Gizzmo,F,2
GLOREE,F,2
Glory,F,2
Gonzo,F,2
GOOD,F,2
Gorgeous,F,2
GORI,F,2
Grendel,F,2
Griffin,F,2
Gwendolyn,F,2
Habibi,F,2
Hadley,F,2
Hampton,F,2
Harlem,F,2
Harriette,F,2
Havanese,F,2
Havoc,F,2
Hebe,F,2
Heide,F,2
Heinz,F,2
Helga,F,2
Hermione,F,2
Hershy,F,2
Hilda,F,2
Hime,F,2
Hina,F,2
HOLIDAY,F,2
Hollywood,F,2
Honie,F,2
Hurricane,F,2
Idgie,F,2
Ima,F,2
Imani,F,2
Ingrid,F,2
Irene,F,2
Isa,F,2
Jacky,F,2
Jager,F,2
JAGUAR,F,2
Jaime,F,2
Jamaica,F,2
JAYLA,F,2
JAZZI,F,2
Jazzie,F,2
Jazzmin,F,2
JD,F,2
Jellie,F,2
Jem,F,2
Jemma,F,2
Jena,F,2
JENNI,F,2
Jericho,F,2
Jerry,F,2
JEWELZ,F,2
Jingle,F,2
JINJA,F,2
Jo,F,2
Joanie,F,2
Jobi,F,2
Jocelyn,F,2
Jodie,F,2
Jolly,F,2
Jorgie,F,2
Josephina,F,2
Josey,F,2
Jovi,F,2
Jovie,F,2
Joya,F,2
Joyce,F,2
JUANITA,F,2
Juli,F,2
JULY,F,2
Junie,F,2
Justice,F,2
KADY,F,2
Kaila,F,2
Kalie,F,2
Karla,F,2
Kashi,F,2
Katelyn,F,2
KATHRYN,F,2
Katrina,F,2
Kayleigh,F,2
KEE,F,2
Kee-Kee,F,2
Keeley,F,2
KEELY,F,2
KEESHA,F,2
Keiba,F,2
KELI,F,2
Kelley,F,2
Kharma,F,2
Khole,F,2
KIDDO,F,2
Kiera,F,2
Kila,F,2
Kimber,F,2
Kimmie,F,2
Kimmy,F,2
KIRIN,F,2
Kit,F,2
Kitsune,F,2
Kloe,F,2
Kobi,F,2
Kodi,F,2
KOKI,F,2
Kokomo,F,2
Kooky,F,2
Kori,F,2
Kristi,F,2
Kush,F,2
Lailah,F,2
LALIA,F,2
Laly,F,2
Larisa,F,2
Lark,F,2
LARKIN,F,2
Lashes,F,2
LAUREN,F,2
Laverne,F,2
Laya,F,2
Layde,F,2
Layni,F,2
Lee,F,2
LEENA,F,2
LEEZA,F,2
Legend,F,2
Leigha,F,2
Leilah,F,2
Leilani,F,2
Lelu,F,2
Lemon,F,2
Leonie,F,2
Liebe,F,2
Lightning,F,2
Lilac,F,2
LILLIANA,F,2
Lilu,F,2
LINDY,F,2
Liuliu,F,2
LIV,F,2
Liz,F,2
LOLABELLE,F,2
Lollie,F,2
Lolo,F,2
LOO,F,2
LOOPY,F,2
Lorna,F,2
LORRY,F,2
Lua,F,2
Luck,F,2
Luxe,F,2
Lynn,F,2
Lyric,F,2
M.,F,2
MADELYN,F,2
Madigan,F,2
MADY,F,2
Maeve,F,2
MAGDA,F,2
Magdalena,F,2
MAGENTA,F,2
Maggie-Mae,F,2
Magy,F,2
Mahogany,F,2
Maitai,F,2
Maizey,F,2
Maizy,F,2
Maja,F,2
Maki,F,2
Malena,F,2
Malia,F,2
Malice,F,2
MALLIE,F,2
MALTA,F,2
Mamas,F,2
MAMMA,F,2
MANA,F,2
MANDEE,F,2
Mani,F,2
Marbles,F,2
Marcie,F,2
Marcus,F,2
Marcy,F,2
MARGARITA,F,2
Marge,F,2
Mari,F,2
Marigold,F,2
MARLIE,F,2
Masie,F,2
Maudette,F,2
Maximus,F,2
Maybelle,F,2
Mayzie,F,2
McKenzie,F,2
Meiko,F,2
Mel,F,2
Melinda,F,2
MELISSA,F,2
MELKY,F,2
Mellie,F,2
Mellow,F,2
Melo,F,2
Melrose,F,2
Memphis,F,2
Mena,F,2
Miah,F,2
Michelina,F,2
Micki,F,2
Miffy,F,2
Mighty,F,2
Mike,F,2
Miles,F,2
Milie,F,2
Milla,F,2
Miller,F,2
Millicent,F,2
Mima,F,2
Minna,F,2
Mischa,F,2
Missi,F,2
Missie,F,2
MISTIE,F,2
Mistress,F,2
MITTENS,F,2
Miu,F,2
Miya,F,2
Mme.,F,2
Moet,F,2
Mojo,F,2
Molley,F,2
Molli,F,2
MonaLisa,F,2
MONDAY,F,2
Monet,F,2
Monster,F,2
MooShu,F,2
Mopsey,F,2
Morgana,F,2
Morgen,F,2
Mosley,F,2
Motek,F,2
Moti,F,2
Motica,F,2
Motita,F,2
Mouse,F,2
Mousse,F,2
Moxi,F,2
Moxy,F,2
MUFFIE,F,2
Muggle,F,2
Mulan,F,2
MURIEL,F,2
Muttley,F,2
Mysti,F,2
Mysty,F,2
Mz.,F,2
Naila,F,2
Nalu,F,2
Nanda,F,2
Nari,F,2
Natacha,F,2
Nature,F,2
NAYA,F,2
Nayla,F,2
Nefertiti,F,2
Negrie,F,2
Nessa,F,2
Nessie,F,2
Nestle,F,2
Nettie,F,2
Neva,F,2
Nevada,F,2
Neve,F,2
New,F,2
Nibbles,F,2
Nikka,F,2
Niko,F,2
NILA,F,2
Nilah,F,2
NILLY,F,2
Nini,F,2
Niobe,F,2
Nissa,F,2
Niu,F,2
NONA,F,2
Nono,F,2
Norma,F,2
Novi,F,2
NUALA,F,2
Nutella,F,2
Oliver,F,2
ONA,F,2
Orie,F,2
Orly,F,2
Osa,F,2
Oslo,F,2
Paddy,F,2
Pam,F,2
Pancha,F,2
Paquita,F,2
Parris,F,2
Patch,F,2
Patricia,F,2
Paulette,F,2
Pauline,F,2
Peach,F,2
PEACHIE,F,2
Pekoe,F,2
Penney,F,2
Pennie,F,2
Percy,F,2
Perdita,F,2
Perdy,F,2
PERI,F,2
Peyton,F,2
Pi,F,2
PICCOLA,F,2
Piccolina,F,2
Pico,F,2
Pigeon,F,2
Pikachu,F,2
Pinkie,F,2
Pinot,F,2
PIPPEN,F,2
PISTACHIO,F,2
Pita,F,2
Pluto,F,2
Po,F,2
Poco,F,2
Poochi,F,2
Pooka,F,2
Pooki,F,2
Pop,F,2
Posey,F,2
Preciou,F,2
Presiosa,F,2
PRETTYGIRL,F,2
PRETZEL,F,2
PRICESS,F,2
Prima,F,2
Prince,F,2
Princy,F,2
PRISSY,F,2
Pucca,F,2
Puchie,F,2
Pudding,F,2
Pudgie,F,2
Pudgy,F,2
Puff,F,2
Pug,F,2
Puggles,F,2
PUPA,F,2
Pupetta,F,2
Quincy,F,2
Raina,F,2
Raleigh,F,2
RANI,F,2
Ray,F,2
Raya,F,2
Remington,F,2
RENEE,F,2
Reyna,F,2
RHIANNON,F,2
Rhonda,F,2
Ricky,F,2
Ringo,F,2
Robbie,F,2
Robin,F,2
Rochelle,F,2
Rock,F,2
Rockee,F,2
Romey,F,2
ROSEMARY,F,2
ROXANN,F,2
Rubie,F,2
Ruger,F,2
RUSTI,F,2
Ruta,F,2
Ruth,F,2
Ryan,F,2
SABRETT,F,2
SAFFIE,F,2
SAFFY,F,2
Safi,F,2
Safire,F,2
Salem,F,2
Samatha,F,2
Samy,F,2
Sandals,F,2
Sangria,F,2
Santa,F,2
Santana,F,2
Saoirse,F,2
Sassafrass,F,2
Scamp,F,2
Scar,F,2
Scotch,F,2
Selene,F,2
Selma,F,2
Sephora,F,2
Sequoia,F,2
Sesi,F,2
Shade,F,2
Shanna,F,2
Shannie,F,2
SHARPIE,F,2
Shasta,F,2
Shawnee,F,2
Shayne,F,2
SHELA,F,2
SHELLEY,F,2
Sherri,F,2
Shilo,F,2
SHIRA,F,2
SHOTZIE,F,2
Showgirl,F,2
SHUGA,F,2
Siobhan,F,2
Sioux,F,2
Sissi,F,2
SISTER,F,2
Skeeter,F,2
Skipper,F,2
Skippy,F,2
SKKY,F,2
Skyler,F,2
Skylie,F,2
Skyy,F,2
Smooches,F,2
Sneakers,F,2
SNICKERDOODLE,F,2
SNIFFLES,F,2
Snoops,F,2
Snowie,F,2
Snuffles,F,2
Snuffy,F,2
Socks,F,2
Soleil,F,2
Sonia,F,2
Sophi,F,2
SOPHY,F,2
Sora,F,2
Sparkey,F,2
Speck,F,2
Speedo,F,2
Speedy,F,2
Spencer,F,2
SPICEY,F,2
Spike,F,2
Spikey,F,2
Spot,F,2
Sprinkles,F,2
Sprocket,F,2
Sprout,F,2
Sputnik,F,2
Squirt,F,2
STACIE,F,2
Starbuck,F,2
Starfish,F,2
Stephanie,F,2
Stitch,F,2
Stoney,F,2
Suga,F,2
Suma,F,2
Sundai,F,2
SUNIA,F,2
SUNNIE,F,2
Sunset,F,2
Susa,F,2
Sussie,F,2
Suzu,F,2
SWEETIEPIE,F,2
Symba,F,2
T,F,2
T-Rex,F,2
Taco,F,2
Tai,F,2
Tallie,F,2
Tangie,F,2
Tango,F,2
TANIA,F,2
Tank,F,2
Tanna,F,2
Tanzie,F,2
Tassie,F,2
Tate,F,2
Tati,F,2
Tatum,F,2
Tawny,F,2
TEA,F,2
Teddie,F,2
Tegan,F,2
TELLI,F,2
Temperance,F,2
Ten,F,2
Tes,F,2
Tessy,F,2
TEVA,F,2
THENA,F,2
Thumbelina,F,2
Thunder,F,2
TIBET,F,2
TicTac,F,2
TIGERLILY,F,2
Tigra,F,2
Tigress,F,2
Tika,F,2
Tikka,F,2
Tilda,F,2
TIMBER,F,2
Tini,F,2
Tink,F,2
TIPPI,F,2
TITANIA,F,2
Tiva,F,2
Toasty,F,2
Todo,F,2
TOMASINA,F,2
Tootie,F,2
Topanga,F,2
Tori,F,2
Torre,F,2
Tosha,F,2
Toula,F,2
Tovah,F,2
TOY,F,2
TROIKA,F,2
Truth,F,2
Tucker,F,2
Turner,F,2
Tuti,F,2
Tweety,F,2
Twinkles,F,2
Twister,F,2
Twixie,F,2
Twizzler,F,2
Twyla,F,2
Uni,F,2
Unique,F,2
Utah,F,2
Veda,F,2
Vega,F,2
Vella,F,2
Venti,F,2
Veruca,F,2
Vicki,F,2
Vivi,F,2
Wallis,F,2
WASABI,F,2
Weegee,F,2
Weezy,F,2
Weiwei,F,2
Wheatley,F,2
whoopie,F,2
Wiggles,F,2
Windy,F,2
Winkie,F,2
WONDER,F,2
XASHA,F,2
Xiao,F,2
Yoda,F,2
Yoffi,F,2
Yogi,F,2
Yumi,F,2
Zaina,F,2
Zamba,F,2
Zasu,F,2
Zaza,F,2
Zen,F,2
Zeze,F,2
Zhuzha,F,2
Ziba,F,2
ZIGGIE,F,2
Zippy,F,2
ZIZI,F,2
ZORRA,F,2
Zoya,F,2
Zucca,F,2
Zuki,F,2
Zulu,F,2
A.,F,1
ABBA,F,1
ABBESS,F,1
ABBEYROAD,F,1
ABERCROMBIE,F,1
Abgail,F,1
Abi,F,1
Abie,F,1
ABIGALE,F,1
ABIGIAL,F,1
Abita,F,1
Abu,F,1
ABUGAIL,F,1
ABZUG,F,1
ACADIA,F,1
ACURA,F,1
ADALYN,F,1
ADARA,F,1
Adder,F,1
Addey,F,1
Addis,F,1
ADELA,F,1
Adelita,F,1
ADELLE,F,1
ADINA,F,1
ADORA,F,1
ADVERSITY,F,1
Aella,F,1
AFRICA,F,1
Agape,F,1
AGASHA,F,1
AGI,F,1
Agustina,F,1
Ah,F,1
AHMA,F,1
AI,F,1
Aida,F,1
Aidan,F,1
Aika,F,1
Ailsa,F,1
Aimee,F,1
AIMI,F,1
Aira,F,1
airborne,F,1
AIRLIA,F,1
Aisha,F,1
AIYANA,F,1
AJ,F,1
akala,F,1
akane,F,1
AKI,F,1
AKILLA,F,1
Akilleze,F,1
AKIMA,F,1
Akisha,F,1
Akita,F,1
AL,F,1
ALACA,F,1
ALAHYA,F,1
Alani,F,1
ALASHA,F,1
Aleecie,F,1
ALEJANDRA,F,1
Alessa,F,1
ALESSANDRA,F,1
Alexandra-Sophia,F,1
alexi,F,1
Alfa,F,1
Aliah,F,1
ALICA,F,1
ALIHA,F,1
Alila,F,1
ALINA,F,1
Alishka,F,1
Alix,F,1
Alixe,F,1
Aliza,F,1
Alizet,F,1
ALKA-ALI,F,1
ALLE,F,1
Allegro,F,1
ALLEY-KAT,F,1
ALLICE,F,1
ALPHA,F,1
Alphie,F,1
ALTA,F,1
Alvie,F,1
Alvin,F,1
ALYA,F,1
ALYCE,F,1
Alyx,F,1
AMADA,F,1
AMAGANSETT,F,1
Amarok,F,1
AMBAR,F,1
Amberaires,F,1
AMBERMILLE,F,1
AMBIE,F,1
Ambrosia,F,1
Amia,F,1
AMICA,F,1
Amicaa,F,1
AMIEE,F,1
AMIGA,F,1
AMIRA,F,1
Ammy,F,1
AMORCITO,F,1
AMPUL,F,1
AMRA,F,1
ANABELLA,F,1
Anai,F,1
Anake,F,1
ANALEASE,F,1
ANAMCARA,F,1
Ananda,F,1
anarion,F,1
ANASTACIA,F,1
ANAT,F,1
ANAYA,F,1
Anchovy,F,1
Andrea,F,1
ANDROMEDA,F,1
ANGALINA,F,1
ANGEL-BABY,F,1
Angel-Girl,F,1
ANGELBABIE,F,1
Angelcake,F,1
Angeline,F,1
ANGELSIMBA,F,1
ANGILA,F,1
Angstrom,F,1
Anibell,F,1
Animal,F,1
Anime,F,1
Aniya,F,1
ANJELIE,F,1
Anjolina,F,1
Anke,F,1
Ann,F,1
Annabeth,F,1
ANNECY,F,1
ANNEETA,F,1
Anney,F,1
ANNIELEIGH,F,1
Anniversary,F,1
Anny,F,1
ANOUSHKA,F,1
ANTAR,F,1
ANTIGONE,F,1
Anzi,F,1
Aoife,F,1
Appalachia,F,1
APPLEBEE,F,1
Applesauce,F,1
Aprille,F,1
Apsara,F,1
AQUINNAH,F,1
Ara,F,1
ARANCIA,F,1
ARANTXA,F,1
ARCHOOG,F,1
AREL,F,1
Argo,F,1
Argos,F,1
ARIADNE,F,1
Arie,F,1
ARJUNA,F,1
ARKY,F,1
Arlito,F,1
ARMONIA,F,1
Arong,F,1
Arthur,F,1
ARUGULA,F,1
ARWIN,F,1
ASER,F,1
ASHELEE,F,1
Ashlie,F,1
ASIA-AMELI,F,1
ASIAVANITY,F,1
ASKA,F,1
Asparagus,F,1
ASTRA,F,1
Astro,F,1
Asya,F,1
Atlanta,F,1
Atlantis,F,1
ATTA,F,1
Audi,F,1
Audra,F,1
Auggie,F,1
Augusta,F,1
AUNT,F,1
Auria,F,1
Autumn-Rain,F,1
Avery-Daisy,F,1
AVILA,F,1
Avis,F,1
AVIVA,F,1
aviya,F,1
AVO,F,1
AVY,F,1
AWAKA,F,1
AXIE,F,1
AYALA,F,1
AYUMI-CHAN,F,1
AYVA,F,1
AZULA,F,1
BAABAA,F,1
BaBa,F,1
Babka,F,1
Baboo,F,1
Babs-Daisy,F,1
Babu,F,1
BABYAGASHI,F,1
BABYCOOKIE,F,1
BABYDOLL,F,1
BACALL,F,1
Bachi,F,1
Backgammon,F,1
Backie,F,1
Bada,F,1
Badu,F,1
BAELIB,F,1
Bagonea,F,1
BAHJI,F,1
BAIEY,F,1
BAILEIGH,F,1
Baileys,F,1
Baili-Ann,F,1
Baily,F,1
BAISLEY,F,1
Baja,F,1
BAJI,F,1
Bakrke,F,1
Bala,F,1
BALBINA,F,1
Ballerina,F,1
Baloo,F,1
Baltmore,F,1
Balto,F,1
Bam,F,1
BAM-BAM,F,1
Bama,F,1
Bamba,F,1
Bambie,F,1
BAMI.MASI,F,1
BAMM,F,1
bammi,F,1
Bandera,F,1
Bandita,F,1
BANGLE,F,1
BANGWOL,F,1
Banilla,F,1
Banjo,F,1
Banksy,F,1
BARBARAERI,F,1
BARBEE,F,1
BARBY,F,1
Baretta,F,1
Barette,F,1
BARFIE,F,1
Barkley,F,1
BARKLEY(NEE,F,1
BARLIE,F,1
Baroness,F,1
BARRA,F,1
Barrett,F,1
Barry,F,1
BASU,F,1
Baxter,F,1
Baya,F,1
Bayli,F,1
Baylyn,F,1
Bbobbo,F,1
BC,F,1
BEACH,F,1
Beacon,F,1
Beaker,F,1
Beanz,F,1
Bearly,F,1
Bearshark,F,1
BEASTY,F,1
BEATA,F,1
BEATRICK,F,1
Beatrix,F,1
Beatrix-Wihelmina,F,1
beautiful,F,1
BEAZLY,F,1
BeBe-Birma,F,1
BEBITA,F,1
Becka,F,1
Beckisue,F,1
BEEBEE,F,1
BEEBOP,F,1
BEEGEE,F,1
BEESLY,F,1
Beezer,F,1
Beigea,F,1
BEIGNET,F,1
BEIIA-DOLCE,F,1
BEIJA,F,1
Beijing,F,1
Beja,F,1
Bekay,F,1
Beke,F,1
BELCANTO,F,1
BELINDA,F,1
Belinha,F,1
Belize,F,1
Bella-Sarah,F,1
BELLA-VICTORIA,F,1
BELLADONA,F,1
BELLAGIOIA,F,1
BellaLuna,F,1
Bellatrix,F,1
BELLAVIOLA,F,1
Bellina,F,1
Bellissima,F,1
BELLS,F,1
Belmont,F,1
BELOCHKA,F,1
Bemildred,F,1
Ben,F,1
BENBEN,F,1
BENCHY,F,1
Bendy,F,1
Bengi,F,1
Beni,F,1
Bennie,F,1
Benny,F,1
Bent,F,1
Bento,F,1
BERGDORF,F,1
Bergie,F,1
BERKLY,F,1
Bernadette,F,1
BERNESE,F,1
Bertie,F,1
Besie,F,1
Beso,F,1
Bessa,F,1
BESSIEMAE,F,1
Bessy,F,1
BETA,F,1
Bethova,F,1
Betrys,F,1
Betsa,F,1
Betsey,F,1
Betsi,F,1
BETSIE,F,1
BETTENOVA,F,1
BETTYWHITE,F,1
Beuhla,F,1
Beya,F,1
Beyou,F,1
BG,F,1
Bhindi,F,1
Bia,F,1
BIAH,F,1
BIALEY,F,1
Biancha,F,1
BIBER,F,1
Bibiana,F,1
BICHUELA,F,1
Bicky,F,1
BIDO,F,1
BIJI,F,1
BIJIN,F,1
Bijli,F,1
Bikini,F,1
BILLEEJEAN,F,1
Billi,F,1
Billiemapl,F,1
Biloxi,F,1
BIN-BIN,F,1
BINDY,F,1
BINGIE,F,1
BINKI,F,1
Binkles,F,1
Binks,F,1
Birdaloo,F,1
Biscotti,F,1
BISCUT,F,1
Bison,F,1
BISOUS,F,1
BISTO,F,1
Bit,F,1
Bitch,F,1
BITS,F,1
BIU,F,1
BIX,F,1
Bizou,F,1
BJ,F,1
Bjiou,F,1
Bjork,F,1
Blackbear,F,1
BLACKBERRY,F,1
Blackey,F,1
BLACKMAGIC,F,1
BLACKOUT,F,1
Blair,F,1
Blaise,F,1
BLAISEY,F,1
BLAKEY,F,1
Blame,F,1
Blancamia,F,1
BLANKA,F,1
Blanket,F,1
blankis,F,1
BLANKITA,F,1
BLANKY,F,1
BLANQYUITA,F,1
BLAQUI,F,1
Bless,F,1
Blessed,F,1
BLESSEN,F,1
Blink,F,1
Blinky,F,1
Blitz,F,1
BLITZEN,F,1
Blizzy,F,1
BLONDE,F,1
BLONDIA,F,1
BLONDIE-GOLDIE,F,1
Blossum,F,1
Blucy,F,1
Blueberry,F,1
BO-ETTA,F,1
Bob,F,1
BOBBEE,F,1
Bobbie,F,1
Bobbin,F,1
Bobka,F,1
BODDINGTON,F,1
Bodhi,F,1
BOEY,F,1
BOLLE,F,1
Bolt,F,1
BOMIE,F,1
Bondi,F,1
BONGUETTE,F,1
Boni-Moon,F,1
BONITABABY,F,1
BONNETTE,F,1
Bonnilyn,F,1
Bonny,F,1
Bonus,F,1
Booba,F,1
BOOBAH,F,1
Boobi,F,1
BOOBO,F,1
BOOGALOO,F,1
Booger,F,1
Boogie,F,1
Boomi,F,1
Boone,F,1
Boothe,F,1
Bordeaux,F,1
BOREALIS,F,1
Bori,F,1
BORIE,F,1
Bou,F,1
Boudreaux,F,1
Boujis,F,1
Bourbon,F,1
Bourgeois,F,1
Bourne,F,1
BOWEE,F,1
Bowery,F,1
Bowie,F,1
BOWS,F,1
box,F,1
BRANCH,F,1
BRANDA,F,1
BRANDILEE,F,1
Brando,F,1
BRANKINHA,F,1
BRASIL,F,1
Brava,F,1
Brawdi,F,1
Brazos,F,1
BREANNA,F,1
Breck,F,1
BREEANN,F,1
BREENA,F,1
Breffni,F,1
Brendel,F,1
Brendle,F,1
Bretta,F,1
Breukelen,F,1
BRIDGIE,F,1
Bridgit,F,1
Brigadoon,F,1
Bright,F,1
Brigid,F,1
BRIGITTE,F,1
Briianna,F,1
BRILLIANT,F,1
BRILLOW,F,1
BRIN,F,1
BRINDY,F,1
Brinkley,F,1
BRISA,F,1
Briscoe,F,1
BRISZTOW,F,1
BRITLEY,F,1
BRITNEE,F,1
Britt,F,1
Britta,F,1
Brix,F,1
BRIZO,F,1
Brock,F,1
Bronnje,F,1
Bronwyn,F,1
Bronxie,F,1
BROOKE-LYN,F,1
Brooke-Lynne,F,1
Brookelynn,F,1
BROOKLiN,F,1
Brooklyn's,F,1
Brooks,F,1
BROOKSIE,F,1
BROWIE,F,1
Browne,F,1
BRU,F,1
Bruiser,F,1
Brulee,F,1
brumley,F,1
BRUNA,F,1
Brunnie,F,1
Bruno,F,1
Brusca,F,1
Bryn,F,1
BRYNDI,F,1
Bubbalah,F,1
Bubby,F,1
BUBE,F,1
Bubu,F,1
BUBULA,F,1
Bucephalus,F,1
BUCHI,F,1
BUCKAROO,F,1
Buckley,F,1
Buda,F,1
Bueaty,F,1
Buena,F,1
BUFFEE,F,1
BULLWINKLE,F,1
BULMA,F,1
BumbleBee,F,1
Bumpy,F,1
Bunches,F,1
Bungee,F,1
BUNI,F,1
Bunker,F,1
BUNKY,F,1
Bunni,F,1
Bunnyweisser,F,1
Burberry,F,1
Burbujita,F,1
Burma,F,1
BUSHEDO,F,1
Busta,F,1
Busu,F,1
BUTERCUP,F,1
Buters,F,1
Butta,F,1
Butterbar,F,1
Buttzr,F,1
BUYA,F,1
Byla,F,1
C.B.,F,1
cabana,F,1
CABBIE,F,1
CABELLA,F,1
Cabiria,F,1
Cabo,F,1
Cadenza,F,1
Cadillac,F,1
Caeley,F,1
Cai,F,1
CAILE,F,1
Cailleigh,F,1
Caitlyn,F,1
Cajun,F,1
Calico,F,1
Calientita,F,1
CALIXTO,F,1
Callahan,F,1
CALPURNIA,F,1
CALVARY,F,1
CAMELLA,F,1
Cameo,F,1
Cameron,F,1
CAMIE,F,1
Camiia,F,1
CAMMELIA,F,1
CAMMI,F,1
Cammie,F,1
Camper,F,1
Camy,F,1
Canada,F,1
CANCUNA,F,1
CANDACE,F,1
CANDEE,F,1
Cano,F,1
Canoli,F,1
CANTERBURY,F,1
Caoimhe,F,1
CAPELLA,F,1
Capi,F,1
CAPONERA,F,1
CAPPUCINO,F,1
CAPRICE,F,1
Captain,F,1
CARA-JO,F,1
Carabu,F,1
CARAIGH,F,1
CAREVEY,F,1
Caria,F,1
CARICIA,F,1
CARIE,F,1
CARINA,F,1
CARINO,F,1
Carli,F,1
CARLISLE,F,1
Carlo,F,1
CARLOTTA,F,1
CARMA,F,1
Carmasita,F,1
Carmela,F,1
Carmelina,F,1
CARNATION,F,1
Carol,F,1
Carson,F,1
Casci,F,1
casi,F,1
Casiqua,F,1
CASS,F,1
Cassady,F,1
Cassi,F,1
Cassiie,F,1
Cassiopea,F,1
CASSIOPEIA,F,1
CASSIS,F,1
CASUKI,F,1
CAT,F,1
catcha,F,1
"cathalina,",F,1
Catherine,F,1
CATHY,F,1
Cavalier/Poodle,F,1
CAVAN,F,1
CAVIAR,F,1
Cayenne,F,1
CAYLI,F,1
Cayman,F,1
CAZZIE,F,1
ceci,F,1
Cecil,F,1
Cedar,F,1
Cedarfrome,F,1
CEDES,F,1
CEELY,F,1
CELEBRITY,F,1
Celia,F,1
Celie,F,1
Cello,F,1
Celo,F,1
CELY,F,1
CERA,F,1
CERES,F,1
CESCA,F,1
CETTA,F,1
CEYLON,F,1
CF,F,1
Cha-Chee,F,1
Chaco,F,1
CHADWICK,F,1
Chais,F,1
Chakka,F,1
Chalupa,F,1
CHAMMI,F,1
Champ,F,1
CHAMPAINE,F,1
CHAMPAYNE,F,1
Champion,F,1
CHAMUDI,F,1
CHANA,F,1
CHANNA,F,1
CHANTEL,F,1
chantilly,F,1
Chanty,F,1
CHAPA,F,1
Chaquita,F,1
Chara,F,1
CHARDNEY,F,1
Charger,F,1
CHARITY,F,1
Charlee,F,1
CHARLEEN,F,1
Charlemagne,F,1
Charles,F,1
Charlie-Rose,F,1
Charloette,F,1
Charlot,F,1
Charlotte-Maude,F,1
CHARM,F,1
CHARMAINE,F,1
Charming,F,1
Charmkae,F,1
Charms,F,1
Charmy,F,1
Charolette,F,1
CHARR,F,1
Charrie,F,1
CHARRO,F,1
Charystell,F,1
Chasee,F,1
Chasi,F,1
Chasie,F,1
Chasity,F,1
CHATEAU,F,1
CHATITA,F,1
CHATTA,F,1
Chazz,F,1
Che,F,1
CHEALSEA,F,1
CHEBA,F,1
Chee,F,1
Cheebah,F,1
CHEECHIE,F,1
Cheena,F,1
Cheensy,F,1
Cheese,F,1
Cheesecake,F,1
CHEEZIE,F,1
Cheffy,F,1
Chela,F,1
CHELO,F,1
Chelsa,F,1
CHELSEY,F,1
CHENA,F,1
Cherakee,F,1
CHERISE,F,1
Cherrie,F,1
Cherub,F,1
CHERUBINO,F,1
Cheserie,F,1
CHEVELLE,F,1
Cheyanna,F,1
Chhoti,F,1
CHI-INEZ,F,1
CHIANA,F,1
Chianti,F,1
Chiara,F,1
CHIBA,F,1
Chibi,F,1
CHIBIE,F,1
CHICA-BEL,F,1
CHICA-PU,F,1
Chicharita,F,1
CHICHEENA,F,1
CHIEN,F,1
Chiguitica,F,1
Chika,F,1
CHILE,F,1
Chilindrina,F,1
Chillie,F,1
CHILUPA,F,1
Chimay,F,1
Chimi,F,1
CHIMU,F,1
Chin,F,1
chingay,F,1
CHINUE,F,1
Chip,F,1
Chipah,F,1
chippi,F,1
CHIPPIE,F,1
Chippy,F,1
Chips,F,1
Chipwich,F,1
Chiquilta,F,1
CHIQUITI,F,1
Chiquitia,F,1
Chiripa,F,1
CHISOON,F,1
CHISPI,F,1
CHISSIE,F,1
Chita,F,1
Chivas,F,1
Chivila,F,1
CHIYO-KYRA,F,1
CHLOEE,F,1
Choc.,F,1
Choca,F,1
CHOCALATE,F,1
CHOL,F,1
Chola,F,1
CHOLEMARIE,F,1
CHOLULA,F,1
CHOMPER,F,1
Chompsky,F,1
Choochi,F,1
CHOOCHIE,F,1
CHOOPIE,F,1
Choopy,F,1
Chop,F,1
Chopper,F,1
Chops,F,1
CHORIZA,F,1
Chorizo,F,1
CHOROM,F,1
CHOSEN,F,1
CHOU,F,1
Chou-Chou,F,1
CHOWDA,F,1
Chris,F,1
CHRISTAL,F,1
Christen,F,1
CHRISTI,F,1
CHRYSSIE,F,1
CHRYSTAL,F,1
Chu,F,1
CHUBY,F,1
Chubz,F,1
Chuchey,F,1
CHUCHITA,F,1
Chuchu,F,1
chuchy,F,1
Chuck,F,1
CHUCKA,F,1
Chuckles,F,1
Chuey,F,1
Chukcha,F,1
Chuleta,F,1
Chuli,F,1
Chulie,F,1
Chulita,F,1
Chumley,F,1
CHUPPIE,F,1
Churri,F,1
CHUTNEY,F,1
Chuy,F,1
CHYNABIGGS,F,1
CHYRA,F,1
Ciao,F,1
CIARRA,F,1
Cicero,F,1
Cicy,F,1
Cider,F,1
Ciel,F,1
Cinamon,F,1
Cinco,F,1
CINDE,F,1
Cindel,F,1
CINDERBLOC,F,1
CINDILOU,F,1
Cinimun,F,1
Cinnimon,F,1
Cinnoman,F,1
CINNOMON,F,1
CINTRA,F,1
CIO,F,1
Ciona,F,1
CIPRELLO,F,1
Ciqi,F,1
Cira,F,1
Clancey,F,1
CLARABELLA,F,1
Clarence,F,1
CLARISSE,F,1
Classy,F,1
CLAUDETTE,F,1
CLE0,F,1
CLEA,F,1
CLEMENTINA,F,1
CLEMINTINE,F,1
Clemmy,F,1
Clemson,F,1
Cleopatchez,F,1
Cleopether,F,1
Clipper,F,1
Cloee,F,1
CLOHE,F,1
Cloudy,F,1
Clove,F,1
CLOVESPICE,F,1
Clovie,F,1
CLOVIS,F,1
Clyde,F,1
COACOA,F,1
Coal,F,1
COBWEB,F,1
Cochi,F,1
COCKIE,F,1
COCKY,F,1
COCO-PUFF,F,1
Cocoabelle,F,1
CocoaChanel,F,1
Cocon,F,1
COCOPEBBLE,F,1
Coda,F,1
Codi,F,1
Codie,F,1
Cole,F,1
COLEEN,F,1
Colombia,F,1
Compton,F,1
condesa,F,1
CONFETTI,F,1
CONNA,F,1
CONSTANCE,F,1
Consuela,F,1
cookei,F,1
Cookemo,F,1
COOKI,F,1
COOKIEMOUS,F,1
Cool,F,1
Copa,F,1
Coppi,F,1
Coquetta,F,1
COQUITA,F,1
CORDUROY,F,1
CORI,F,1
CORKY-GIRL,F,1
Cory,F,1
COSTANZA,F,1
Coty,F,1
COUCOU,F,1
Country,F,1
Courage,F,1
Couscous,F,1
Cova,F,1
COYOTE,F,1
COZETTE,F,1
Cozy,F,1
Cracker,F,1
CRACKERS,F,1
CRACKIE,F,1
Cranberry,F,1
CREAZY,F,1
CREEPY,F,1
Crema,F,1
CRESSIDA,F,1
Crickett,F,1
CRINKLE,F,1
Crisis,F,1
Crispeta,F,1
CRISSE,F,1
CRISSIE,F,1
Crissy,F,1
Croshka,F,1
CRUMBS,F,1
Crumpet,F,1
Crunchy,F,1
CRYTSTAL,F,1
Csonka,F,1
Cuba,F,1
Cuco,F,1
Cuddy,F,1
Cujalita,F,1
Cujo,F,1
Cukii,F,1
Cupid,F,1
Cuppy,F,1
Cuqui,F,1
CURLEE,F,1
CURRIE,F,1
CURTSEY,F,1
CURUCHA,F,1
Cush,F,1
Cuty,F,1
CYBELE,F,1
Cyd,F,1
cydney,F,1
CYNDI,F,1
Cynnamin,F,1
CYNNAMON,F,1
Cyrus,F,1
CYTHIA,F,1
CZIKA,F,1
Czyka,F,1
D.,F,1
DADE,F,1
daffly,F,1
DAFFNEY,F,1
Dahnbi,F,1
Dai,F,1
DAICHA,F,1
DAILING,F,1
DAINEY,F,1
DAINTY,F,1
DAISLEY,F,1
Daisy-Mae,F,1
Daisy/formerly,F,1
Daisyann,F,1
DAISYFICCH,F,1
DAISYSUSHI,F,1
dakii,F,1
Dale,F,1
Dalia,F,1
DALILAH,F,1
DALLION,F,1
DALLY,F,1
DALMONIQUE,F,1
Dama,F,1
DAMAGE,F,1
Damali,F,1
Dame,F,1
Dan,F,1
Danbee,F,1
Danbi,F,1
Dandielion,F,1
DANIA,F,1
DANICA,F,1
DANIELA,F,1
DANIELLA,F,1
DANNA,F,1
DANNAN,F,1
Dannie,F,1
Danny,F,1
Daphanne,F,1
DAPHNIE,F,1
DARCI,F,1
DARINKA,F,1
Darly,F,1
DASEIN,F,1
Dasher,F,1
Dashi,F,1
DASIE,F,1
DASIY,F,1
DASNY,F,1
DASSA,F,1
Davie,F,1
DAYTON,F,1
DAYZE,F,1
Dayzy,F,1
Daze,F,1
DAZER,F,1
DAZZE,F,1
DAZZLES,F,1
Dazzy,F,1
DDOONG,F,1
Deana,F,1
DEBRA_GIGI,F,1
DEBY,F,1
DECO,F,1
Deenie,F,1
DEER,F,1
DEGA,F,1
DEISY,F,1
DeKoda,F,1
Dekota,F,1
DELA,F,1
Delailai,F,1
DELANCEY,F,1
Delfi,F,1
DELIAH,F,1
Delilan,F,1
DELILIAH,F,1
Delliah,F,1
DELPHINE,F,1
Delta-Maya,F,1
DELYLAH,F,1
DELYLLA,F,1
Demetassi,F,1
DEMONA,F,1
Dempsee,F,1
Dena,F,1
DENALI,F,1
Deni,F,1
Denim,F,1
DENIRO-POO,F,1
Denver,F,1
DENZEE,F,1
Derby,F,1
Derek,F,1
DERGA,F,1
DESARAY,F,1
Desert,F,1
Dessa,F,1
dessi,F,1
DEVI,F,1
Devochka,F,1
DEXA,F,1
Dexter,F,1
DEZI,F,1
dezma,F,1
DEZY,F,1
Dezzy,F,1
DGULIYA,F,1
Dia,F,1
DIAMON,F,1
Diari,F,1
Diasey,F,1
Diasy,F,1
Dice,F,1
Dickens,F,1
DICKIE,F,1
Diddy,F,1
Diera,F,1
DIETRICH,F,1
Dik-Eye,F,1
DIKHI,F,1
Dillan,F,1
DIM,F,1
Dime,F,1
dimo,F,1
Dimond,F,1
Dingle,F,1
Dinky,F,1
Dion,F,1
Dirt,F,1
DISA,F,1
DITA,F,1
Ditty,F,1
DIVAAPRICO,F,1
DIVAMECHEL,F,1
divi,F,1
Divina,F,1
DIWALI,F,1
DJINNA,F,1
Djuna,F,1
DLILA,F,1
Dobie,F,1
DOBY,F,1
Doc,F,1
Doci,F,1
DOFUS,F,1
Dog,F,1
DOG'S,F,1
Dogby,F,1
Doggy,F,1
DOIRE,F,1
Doka,F,1
Dokota,F,1
DOLCE/SUGAR,F,1
DOLCEZZA,F,1
Dolche,F,1
DOLEY,F,1
DollyD,F,1
dollyparton,F,1
DOLMA,F,1
Dolores,F,1
Domani,F,1
Dominique,F,1
Domo,F,1
Don,F,1
Donaghy,F,1
DOO,F,1
Dooley,F,1
Doolittle,F,1
Doot,F,1
DORABELLA,F,1
Doramix,F,1
DORIE,F,1
Dorka,F,1
Dos,F,1
DOTI,F,1
Dotti,F,1
DOTTIEROSE,F,1
DOUBLIN',F,1
Douxie,F,1
dow,F,1
Dr.,F,1
Drai,F,1
Drake,F,1
Drea,F,1
DREADMCPHE,F,1
Drew,F,1
DRUNKY,F,1
DRUSILA,F,1
DSMITH,F,1
DUCATI,F,1
Ducez,F,1
Duchzi,F,1
Ducka,F,1
Dudley,F,1
Dudu,F,1
Dueca,F,1
Dug,F,1
DUGUESA,F,1
Duke,F,1
Dulcina,F,1
DULCINEA,F,1
Duma,F,1
Dumbo,F,1
DUMMY,F,1
DUMONA,F,1
DUNE,F,1
DUNIA,F,1
DUQUESA,F,1
duri,F,1
DUTCCHESS,F,1
Dutchess-Amber,F,1
Dutchez,F,1
Dutchie,F,1
DUTCHIES,F,1
Dweezil,F,1
Dyan,F,1
DYER,F,1
Dymond,F,1
DYNA,F,1
Dynasty,F,1
E-O,F,1
EARLEEN,F,1
EARLY,F,1
Easter,F,1
Ebbs,F,1
Ebie,F,1
eboni,F,1
Eclair,F,1
Eclipse,F,1
ECLYPSE,F,1
Eddy,F,1
Edee,F,1
eden,F,1
Edgy,F,1
Edina,F,1
EDY,F,1
EERIE,F,1
Effie,F,1
EIGHTBIT,F,1
EILEE,F,1
Ein,F,1
Ekaterina,F,1
Ela,F,1
ELANS,F,1
ELBERETH,F,1
ELBOW,F,1
Elda,F,1
ELDIE,F,1
ELE,F,1
ELENA,F,1
Eleni,F,1
Elfaba,F,1
Elin,F,1
ELINOR,F,1
Elise,F,1
Elka,F,1
ELke-HeIde,F,1
Elkie,F,1
Ella-Blue,F,1
Elliott,F,1
ELLY-MAE,F,1
ELPHABA,F,1
ELPHY,F,1
ELSI,F,1
Elvia,F,1
Elvira,F,1
ELWYNN,F,1
Ely,F,1
Elzy,F,1
EMA.HOOKIE,F,1
EMALINA,F,1
EMALINE,F,1
Emani,F,1
EMBREE,F,1
eme,F,1
Emebatta,F,1
Emely,F,1
Emery,F,1
EMI-LEE,F,1
Emilie,F,1
EMMA-AMELI,F,1
Emmelia,F,1
EMPRESS,F,1
Ena,F,1
england,F,1
Engywook,F,1
ENOLA,F,1
ENZA,F,1
Eowyn,F,1
Epiphany,F,1
EPUNI,F,1
Erica,F,1
ERICKA,F,1
Eris,F,1
ESCA,F,1
Esha,F,1
Eski,F,1
ESMERALDA,F,1
ESMERELDA,F,1
Esmi,F,1
Espee,F,1
ETLA,F,1
ETNA,F,1
Etsy,F,1
ETTY,F,1
Eudora,F,1
Evangeline,F,1
Eveisis,F,1
EVER,F,1
Evoney,F,1
EYANA,F,1
Eye,F,1
Eyja,F,1
FAB,F,1
Fable,F,1
Face,F,1
Faela,F,1
Fafna,F,1
FAI,F,1
FAIRLIGHT,F,1
Fairy,F,1
FALA,F,1
Falcon,F,1
FALDAROL,F,1
FALLON,F,1
FALTH,F,1
Fanny-A-Lamb,F,1
FANTASIA,F,1
Farfalla,F,1
FARFALUE,F,1
Farfel,F,1
FARINA,F,1
Fartina,F,1
Fasty,F,1
FATE,F,1
Fatty,F,1
FAVELLA.W,F,1
Favor,F,1
FAX,F,1
FAYLA,F,1
fazzy,F,1
FEANCES,F,1
Febe,F,1
FEBEE,F,1
Feddi,F,1
FEDERICA,F,1
Fedora,F,1
Fee-Fi,F,1
Feebee,F,1
FEEBI,F,1
FEEBIE,F,1
feefee,F,1
FEFEE,F,1
FeiFei,F,1
FEITA,F,1
FELA-JO,F,1
Felicie,F,1
Felicity,F,1
FELINE,F,1
FELONY,F,1
Fendy,F,1
FENER,F,1
Fenny,F,1
FERDIE,F,1
FERMIUM,F,1
Fetitza,F,1
Fezzik,F,1
Fi,F,1
Fiamma,F,1
Fiana,F,1
Fibi,F,1
Fidney,F,1
Fielding,F,1
Fiesta,F,1
Fiffi,F,1
Fifiana,F,1
Fifie,F,1
FiFiGiGi,F,1
Fify,F,1
Figa,F,1
FIGGY,F,1
FIGHTA,F,1
FILOU,F,1
Finley,F,1
FINNE,F,1
Finnleigh,F,1
Finnoula,F,1
FIOLRY,F,1
FIORELLA,F,1
Firefly,F,1
FIRST,F,1
FISH,F,1
FIX,F,1
Flash,F,1
Flica,F,1
Flicker,F,1
Flight,F,1
FLIPI,F,1
Flo,F,1
FLOEY,F,1
FLONA,F,1
FLOPHY,F,1
FLOPPERS,F,1
FLOPSI,F,1
Florecita,F,1
Floress,F,1
FLORIA,F,1
FLOSS,F,1
FLOSSIE,F,1
FLUBADUB,F,1
Fluff,F,1
FLUFFERS,F,1
FLUFFETTE,F,1
FLYER,F,1
FOLLETTE,F,1
Folly,F,1
Fonseca's,F,1
Fontella,F,1
FOO,F,1
Foofa,F,1
FooFoo,F,1
FOOTSIE,F,1
FORSYTHIA,F,1
fortia,F,1
Fortunatta,F,1
Forza,F,1
FOUS-FOUS,F,1
Foxee,F,1
Foxsie,F,1
Fozzie,F,1
FRANKA,F,1
Franke,F,1
Franki,F,1
Frankki,F,1
FRANKLYNN,F,1
Franky,F,1
FRANNI,F,1
Frasier,F,1
FRAZZLE,F,1
Freckle,F,1
Fred,F,1
Freddy,F,1
Frederica,F,1
Freedom,F,1
FRESCA,F,1
FRESHIE,F,1
Fresy,F,1
FREUD,F,1
FRIA,F,1
FRIGG,F,1
FRINCESS,F,1
FRISBBE,F,1
Frisco,F,1
FRISKIE,F,1
Fritz,F,1
Frolic,F,1
Frost,F,1
Fudgie,F,1
fufa,F,1
Fufi,F,1
FUFU,F,1
FUGA,F,1
Furby,F,1
FURMINA,F,1
Fury,F,1
FUSILLE,F,1
FUSS,F,1
FUZZ,F,1
FUZZBALL,F,1
FZZIE,F,1
G MC CON,F,1
GABBI,F,1
Gabe,F,1
GABRIELA,F,1
GABRIELLI,F,1
GAELIE,F,1
GAETAN,F,1
GAETANA,F,1
Gaga,F,1
Galaxxi,F,1
Galaxy,F,1
Gali,F,1
Galileo,F,1
Galise,F,1
Game,F,1
Gandhi,F,1
GARA,F,1
GARAGE,F,1
GARBANZO,F,1
Gardenia,F,1
Gatsby,F,1
Gautier,F,1
Gaya,F,1
GEE-GEE,F,1
geeanna,F,1
Geena,F,1
Gelato,F,1
GEMI,F,1
Genee,F,1
Genevia,F,1
GENIE,F,1
GENKI,F,1
GENNA,F,1
Genocyce,F,1
Geordie,F,1
GEORGA,F,1
Georgy,F,1
GEORGYGIRL,F,1
GERALDINE,F,1
Gerdie,F,1
Geri,F,1
Gerlene,F,1
Gert,F,1
GERTY,F,1
Gessica,F,1
Ghita,F,1
Giada,F,1
GIASELLE-CLAIRE-SUKI,F,1
GIAVELLA,F,1
giavonna,F,1
Gibson,F,1
GIELLY,F,1
GIGA,F,1
Gigia,F,1
GIGY,F,1
Gil,F,1
Gile,F,1
GILI,F,1
Gillian,F,1
Gillie,F,1
Ginge,F,1
GINGER-MUF,F,1
GINGER.P,F,1
Ginger1211,F,1
GINGERBREA,F,1
GINGERLULU,F,1
GINGERPI,F,1
GINGERROSE,F,1
GINGERS,F,1
GINGERSPCE,F,1
GINJAR,F,1
GINJI,F,1
GINKO,F,1
GINNA,F,1
Ginnie,F,1
Ginnifer,F,1
Ginseng,F,1
GIOIELLA,F,1
GIPPER,F,1
GIR,F,1
GIRLYGIRL,F,1
GISH,F,1
Gismo,F,1
GITANE,F,1
GITTA,F,1
GIULIANA,F,1
GIUNA,F,1
Giunone,F,1
Gizelle,F,1
Gizly,F,1
GIZMA,F,1
Gizzie,F,1
GIZZY,F,1
Glacier,F,1
GLACKEN,F,1
GLADOS,F,1
Glinda,F,1
GLISTEN,F,1
Glmyra,F,1
Globis,F,1
GLORIE,F,1
Glynda,F,1
GNIGHT,F,1
Gnocchi,F,1
GOHMI,F,1
GOIABA,F,1
GOLDA,F,1
GOLDBROOK,F,1
goldendoodle,F,1
Goldilocks,F,1
GOO,F,1
GOODIE,F,1
Googie,F,1
GOOGLE,F,1
GOOGY,F,1
Goosie,F,1
Gopher,F,1
Gordy,F,1
Gorilla,F,1
Gouda,F,1
Gouzai,F,1
Governess,F,1
Goya,F,1
GRACEY,F,1
GRACIELA,F,1
Graciella,F,1
GRACY,F,1
Grady,F,1
GRAEBY,F,1
Graffles,F,1
Graisy,F,1
Granmama,F,1
Granola,F,1
GRAPEFRUIT,F,1
Gravy,F,1
Graycee,F,1
GRAYCIE,F,1
Grayson,F,1
Grechen,F,1
Grecia,F,1
GREENELEE,F,1
Greentea,F,1
GREETA,F,1
GREMIE,F,1
Gretta,F,1
Grey,F,1
GREYSI,F,1
Greyze,F,1
Griff,F,1
Griffey,F,1
Griffon,F,1
GRIPPER,F,1
GRISELDA,F,1
Grizz,F,1
Grizzlie,F,1
Grizzly,F,1
guadalupe,F,1
GUAIBAO,F,1
Guanica,F,1
Guapo,F,1
GUCHAR,F,1
guiness,F,1
Gulbi,F,1
GULIETTA,F,1
GULL,F,1
Gummy,F,1
GUNNIESS,F,1
GURTIE,F,1
GURTY,F,1
Gwardi,F,1
GWEENIE,F,1
GWENA,F,1
Gwennie,F,1
GWIN,F,1
GWYN,F,1
Gwyndu,F,1
Gwyneviere,F,1
Gyn-Sun,F,1
GYNGER,F,1
GYPSEY,F,1
Gypsi,F,1
Gypsie,F,1
GYPSYQUEEN,F,1
GYPZ,F,1
Gyspy,F,1
Gytsie,F,1
Hachiko,F,1
Hades,F,1
HAIKU,F,1
Haila,F,1
HAILIE,F,1
Haily,F,1
Half-Pint,F,1
Halie,F,1
Halina,F,1
Halsey,F,1
Hanah,F,1
Haneul,F,1
HAPPI,F,1
Happiness,F,1
Happyahn,F,1
Harket,F,1
Harla,F,1
HARLEE,F,1
HARLEY-DEE,F,1
Harmonia,F,1
HARP,F,1
Haru,F,1
Harvest,F,1
HATTERAS,F,1
Havanna,F,1
Havi,F,1
HAWKSBILL,F,1
Haxa,F,1
HAZARD,F,1
HAZELNUT,F,1
Heart,F,1
HEARTS,F,1
HEAVENSENT,F,1
Hedi,F,1
HEDLEY,F,1
HEDVIG,F,1
HEFFER,F,1
HEFTY,F,1
HEIDI-BO,F,1
HEIRESS,F,1
Helda,F,1
HELENA,F,1
HELLE,F,1
HELLEN,F,1
HELOISE,F,1
HENESSEY,F,1
HENNA,F,1
Hennesey,F,1
Henney,F,1
Henni,F,1
Henniesy,F,1
Hennsey,F,1
HENREE,F,1
HENRIKA,F,1
HENRYETA,F,1
Heringo''s,F,1
Hero,F,1
Hersey,F,1
Hersheys,F,1
Hershie,F,1
HIEDI,F,1
Higgi,F,1
HIJIKI,F,1
Hiland,F,1
HILDEGARD,F,1
HILDEY,F,1
Hillie,F,1
Hilly,F,1
HIMEKO,F,1
Hines,F,1
Hip,F,1
HIPPO,F,1
Histyle,F,1
Hobie,F,1
Hoda,F,1
hogi,F,1
Hoku,F,1
HOLI,F,1
Holiiesherl,F,1
Holland,F,1
Hollebelle,F,1
HOLLIDAY,F,1
HOLLIE,F,1
HOLLY'S,F,1
HOLLYBERRIE,F,1
HollyJolly,F,1
HONEYBEAR,F,1
HONEYBUN,F,1
HONEYBUN((Holiday),F,1
HONEYCOMB,F,1
Honeydew,F,1
HONEYDILL,F,1
HONEYPIE,F,1
HONEYSUCKL,F,1
HONORIA,F,1
Hooch,F,1
Hooflet,F,1
HOOP,F,1
Hoozie,F,1
Hopper,F,1
Hopscotch,F,1
Hoshi,F,1
Houdini,F,1
Houston,F,1
HUA-KE,F,1
HUAN,F,1
Huggy,F,1
HUGS,F,1
HULU,F,1
HUMMER,F,1
Hungry,F,1
Hunney,F,1
HUPPY,F,1
Hurley,F,1
Huxley,F,1
HYDEE,F,1
HYENNA,F,1
Hynsey,F,1
IACEY,F,1
Ibby,F,1
Ibella,F,1
IBIZA,F,1
ICEBERGSLI,F,1
Ici,F,1
ICY,F,1
ICYS,F,1
IDAHO,F,1
IDGY,F,1
IkChel,F,1
IKY,F,1
IMARI,F,1
IMMIE'S,F,1
INARI,F,1
Inca,F,1
INDARI,F,1
INDI,F,1
Indigo,F,1
INEZ,F,1
Inigo,F,1
Inu,F,1
IO,F,1
Irie,F,1
IRINA,F,1
Irma,F,1
ISABELL,F,1
ISABOO,F,1
ISADORA,F,1
Isas,F,1
ISHMAEL,F,1
Isidora,F,1
Isla,F,1
Isri,F,1
ISSY,F,1
Isyss,F,1
ITA,F,1
Itati,F,1
ITSSY,F,1
Ivana,F,1
Ivanka,F,1
Ivanna,F,1
Ivee,F,1
IVIE,F,1
IVVORY,F,1
Izabelle,F,1
IZZABELLA,F,1
Izzabelle,F,1
Izzi,F,1
J-Ann,F,1
Jabba,F,1
JABU,F,1
Jack-E,F,1
Jacka,F,1
JACKIE-O,F,1
JACKLEY,F,1
Jacklyn,F,1
Jackpot,F,1
Jacqi,F,1
Jacy,F,1
JADA-GISELLE,F,1
Jadie,F,1
JADZIA,F,1
Jae-Dee,F,1
Jagger,F,1
JAGWA,F,1
Jahjah,F,1
JAIDA,F,1
JAIDE,F,1
JAIMIE,F,1
Jaina,F,1
Jaityel,F,1
Jake,F,1
JAMBA,F,1
JAMI,F,1
JAMIE-LEE,F,1
Jamma,F,1
Janelle,F,1
JANEY,F,1
JANIECHANE,F,1
Janis,F,1
Janny,F,1
JANTU,F,1
JAQUITA,F,1
JAR,F,1
JARA,F,1
Jasmen,F,1
Jasmiam,F,1
JASMINEJAZ,F,1
Jasmyn,F,1
Jasmyne,F,1
Jaso,F,1
Jason,F,1
JASSIE,F,1
Javalily,F,1
Jax,F,1
Jay,F,1
Jay-Tia,F,1
Jaya,F,1
JAYCEE,F,1
JAYLAIN,F,1
Jaylena,F,1
Jaylene,F,1
JAYLYNN,F,1
Jaynie,F,1
jaysee,F,1
JAZ,F,1
Jazman,F,1
Jazmen,F,1
JAZMIN,F,1
Jazzle,F,1
JAZZLYN,F,1
JAZZMINE,F,1
JB,F,1
JC,F,1
JE,F,1
JEANA,F,1
Jeanette,F,1
Jedi,F,1
JEEPERS,F,1
Jeeves,F,1
Jeffery,F,1
Jeffreyarr,F,1
Jeik,F,1
JEKYLL,F,1
JELLEY,F,1
JELLIBEAN,F,1
Jello,F,1
jellybean,F,1
Jemmie,F,1
Jen,F,1
Jenga,F,1
JENI,F,1
JenJen,F,1
JENNIFERIV,F,1
Jennyund,F,1
Jensing,F,1
Jerlissa,F,1
Jerzy,F,1
JESABELLA,F,1
JESICA,F,1
JESS,F,1
Jessi,F,1
Jessia,F,1
JESSIEGIRL,F,1
JESSIEJANE,F,1
JESSO,F,1
JESY,F,1
Jeter,F,1
JEWELL-DAV,F,1
JEZABEL,F,1
Jezebelle,F,1
JEZZEBEL,F,1
Jezzy,F,1
Jiah,F,1
Jicky,F,1
Jigga,F,1
Jigidy,F,1
JIGSAW,F,1
Jilly,F,1
JINA,F,1
JINGGLES,F,1
JINGLESBEL,F,1
Jinjah,F,1
JINJU,F,1
JINTANA,F,1
Jitterbug,F,1
Jjujju,F,1
JOANNE,F,1
Joannie,F,1
JOCHEE,F,1
Joci,F,1
JODEE,F,1
JODL,F,1
Joe,F,1
JOELLE,F,1
Joi,F,1
JOIA,F,1
Joie,F,1
JojoTan,F,1
JOLIENE,F,1
JOLLIE,F,1
JOMI,F,1
Jonah,F,1
Jonesy,F,1
Jonie,F,1
Jonnie,F,1
JONTY,F,1
JOOBAJOWLY,F,1
JOOBE,F,1
JOON,F,1
JOONIE,F,1
Jooy,F,1
Joplin,F,1
JOSEPHINEF,F,1
josi,F,1
JOSIEZ,F,1
Journey,F,1
Jozefa,F,1
Jozey,F,1
JR.SACKIE,F,1
JUB-JUB,F,1
Jubilee,F,1
Juda,F,1
Judah,F,1
Jude,F,1
JUDI,F,1
Judith,F,1
Juelz,F,1
Juicee,F,1
Juile,F,1
JuJu,F,1
JuJuBee,F,1
Jujy,F,1
JULA,F,1
Jule,F,1
Julep,F,1
Juliana,F,1
JULIANNA,F,1
JULIE/BECK,F,1
JULIEBETTY,F,1
JULIENT,F,1
Julieta,F,1
Juliett,F,1
Julietta,F,1
JULIYA,F,1
JULL,F,1
Julliette,F,1
Jumper,F,1
JUMY,F,1
JUNA,F,1
Juneau,F,1
Juni,F,1
Jupis,F,1
Jupiter,F,1
JUPPEE,F,1
JUSTICES,F,1
JUTTA,F,1
Jynger,F,1
K.,F,1
KAALU,F,1
KACEE,F,1
Kacie,F,1
KACY,F,1
KAELA,F,1
KAELAH,F,1
kaiba,F,1
Kaida,F,1
KAIDY,F,1
KAILEE,F,1
KAILEY,F,1
Kaili,F,1
KAINA,F,1
Kaio,F,1
Kaipirinha,F,1
Kairi,F,1
Kaj,F,1
KAKIE,F,1
KALE,F,1
KALEY,F,1
Kalisi,F,1
KALLI,F,1
KALLON,F,1
KALLY,F,1
Kalsang,F,1
KALY,F,1
KALYINKA,F,1
Kama,F,1
Kamila,F,1
Kana,F,1
KANDEE,F,1
Kandi,F,1
KANGA,F,1
Kani,F,1
Kanook,F,1
Kansas,F,1
KAPA,F,1
Kappy,F,1
Kareena,F,1
Karin,F,1
Karina,F,1
KARLIE,F,1
Karly,F,1
Karmie,F,1
Karmin,F,1
Karushka,F,1
Kaseyann,F,1
KASHIMA,F,1
Kashma,F,1
KASMIR,F,1
Kasper,F,1
Kassiana,F,1
KASSIE,F,1
Kat,F,1
KATANA,F,1
Katara,F,1
KATHERINE,F,1
KATHRINE,F,1
KATIA,F,1
KATIE-MAY,F,1
KATRINKA,F,1
KATRYNA,F,1
KATTY,F,1
KATYA,F,1
Kawatt,F,1
Kayas,F,1
KAYCIE,F,1
KAYDEE,F,1
Kayle,F,1
Kayleen,F,1
KAYLEY,F,1
KAYLIAH,F,1
Kaylie,F,1
KAYLO,F,1
Kaysee,F,1
KAZA,F,1
KAZHMERE,F,1
KAZOO,F,1
Kebi,F,1
Kebo,F,1
Keebler,F,1
KEENA,F,1
KEEVA,F,1
Keila,F,1
KEILY,F,1
KEINA,F,1
Keio''Ke,F,1
KEISHA,F,1
Keki,F,1
KELBOOSH,F,1
Kelev,F,1
KELLOGG,F,1
Kells,F,1
Kelly.D,F,1
Kelsey-Belle,F,1
Keltic,F,1
Keltie,F,1
KENA,F,1
Kenai,F,1
KENDALL,F,1
Kendina,F,1
KENDRA,F,1
Kendy,F,1
Kennedy,F,1
Kensi,F,1
Kensington,F,1
KENUI,F,1
Kenzi,F,1
KERA,F,1
KERI,F,1
KES,F,1
KETA,F,1
Ketchum,F,1
KEVA,F,1
KEWBIE,F,1
Key-Key,F,1
Keyah,F,1
Keyla,F,1
Keyma,F,1
Keyra,F,1
Khana,F,1
KHANDI,F,1
Khannie,F,1
khim,F,1
Khloey,F,1
Khlova,F,1
Kholee,F,1
Kiba,F,1
KIBO,F,1
KICHI,F,1
Kidd,F,1
Kiesha,F,1
KIJIBWA,F,1
KIKIE,F,1
Kikko,F,1
KIKU-NO-HM,F,1
Kikuchiyo,F,1
KIKYO,F,1
Kileh,F,1
Kili,F,1
KILLA,F,1
Killian,F,1
KILY,F,1
KIMA,F,1
KIMBERLY,F,1
KIMBY,F,1
Kina,F,1
KINDRA,F,1
KINIE,F,1
KINKACHU,F,1
KINSEY,F,1
Kioki,F,1
Kipling,F,1
KIRA-A,F,1
Kirk,F,1
KISCI,F,1
KISH,F,1
Kissie,F,1
Kitana,F,1
Kitchen,F,1
KIWEE,F,1
Kix,F,1
Kiya,F,1
Kizmet,F,1
KJ,F,1
KLECKO,F,1
Kleo,F,1
KLOEY,F,1
KLONNEY,F,1
KLOWY,F,1
KLYAKSA,F,1
Knala,F,1
Kneeya,F,1
KNICKERS,F,1
Knopka,F,1
Knox,F,1
Ko,F,1
KOA,F,1
KOALA,F,1
Koba,F,1
KOCO,F,1
koddy,F,1
Kody,F,1
Koel,F,1
Kokie,F,1
KOKOLA,F,1
Kokopelli,F,1
KOKOSH,F,1
KOLO,F,1
Kongee,F,1
KOO-KOO,F,1
Koochie,F,1
Kookla,F,1
Koquis,F,1
KORIE,F,1
KORIN,F,1
Koroleva,F,1
Kory,F,1
Koshka-Mashka,F,1
Koti,F,1
Kotie,F,1
KOTO,F,1
Kotton,F,1
KOURTNEY,F,1
Kozmo,F,1
Krekel,F,1
KRISTAL,F,1
Kristen,F,1
KRISTIE,F,1
Krisy,F,1
KROPKA,F,1
Krosha,F,1
Krypto,F,1
KSUSHA,F,1
KT,F,1
Kuca,F,1
Kuka,F,1
KULECZKA,F,1
KUMAKO,F,1
Kumba,F,1
Kumbuka,F,1
KUNTA,F,1
KUPO,F,1
KURO,F,1
Kurumi,F,1
Kuzu,F,1
KYA,F,1
Kyle,F,1
KYLI,F,1
Kymbella,F,1
Kyrstal,F,1
L Mystique,F,1
L.JEWELS,F,1
La-Reina,F,1
LAAYOUNE,F,1
labodor,F,1
Lacee,F,1
LADII,F,1
"Lady,Princess,Prescott",F,1
LADYBROWN,F,1
LADYCHEERA,F,1
LADYHUNTER,F,1
LADYJASMIN,F,1
LADYJEAN,F,1
LADYMADISO,F,1
Laema,F,1
Lafayette,F,1
Lager,F,1
Lailla,F,1
Laine,F,1
LAIS,F,1
LAIZA,F,1
Lajjy,F,1
Laker,F,1
Laky,F,1
LALI,F,1
LALIBELA,F,1
LALITA,F,1
Lallie,F,1
LALUA,F,1
LAMB,F,1
LAMBY,F,1
LAMCHOP,F,1
LANCEY,F,1
Lanie,F,1
LANNIE,F,1
LAPA,F,1
LaPerLaBorinQuenana,F,1
LAPKA,F,1
Lareau,F,1
Larrie,F,1
Lascka,F,1
Lasey,F,1
Lass,F,1
LASSO,F,1
LASSY,F,1
LATAY,F,1
Latifa,F,1
Latona,F,1
Lavender,F,1
Lavern,F,1
LAWRI,F,1
Laydee,F,1
Layden,F,1
LAYLA-ZENA,F,1
LAYLALOVELYLADY,F,1
Layssie,F,1
LAZER,F,1
LE-LE,F,1
LEAHLEE,F,1
LEASHA,F,1
LECIA,F,1
Lee-Lee,F,1
LeeBee,F,1
LEELOU,F,1
Leelu,F,1
LEESE,F,1
Leetl,F,1
LEGION,F,1
Lei,F,1
LEI-CHI,F,1
Leidi,F,1
Leidy,F,1
LEILO,F,1
leisel,F,1
Lelene,F,1
Lenny,F,1
Lenox,F,1
Lepa,F,1
Lesie,F,1
Letizia,F,1
Levi,F,1
LEW,F,1
Lexas,F,1
LEXDY,F,1
Lexee,F,1
LEXILOU,F,1
LEXXI,F,1
Lexxie,F,1
Leya,F,1
LEYKA,F,1
Liang,F,1
LIANNA,F,1
Libah,F,1
LIBRA,F,1
LIDDY,F,1
LIDIA,F,1
Liera,F,1
Liesel,F,1
Lieu,F,1
Life,F,1
Lighting,F,1
Lii,F,1
LIILY,F,1
LIKA,F,1
Liki,F,1
LIL-MAMA,F,1
LIL-TOOTS,F,1
LILBIT,F,1
Lilbits,F,1
Lilee,F,1
Lilian,F,1
Lilibeth,F,1
Lilie,F,1
LILITH,F,1
Lilium,F,1
Lilla,F,1
Lille,F,1
Lillee,F,1
LILLET,F,1
LILLIANNE,F,1
lillibelle,F,1
Lillipad,F,1
LILLITH,F,1
LILOPUMKIN,F,1
LILY-ANNE,F,1
LILYBLOSSO,F,1
Lilypad,F,1
Lima,F,1
LINDA-OI-SPIRIT,F,1
Linda-Pelusa,F,1
Linden,F,1
LINDSAY,F,1
Ling,F,1
LINGUINI,F,1
Linlo,F,1
LINNEA,F,1
Linsity,F,1
Liquorice,F,1
Lisbon,F,1
Lisette,F,1
Lisha,F,1
Liska,F,1
Lissi,F,1
Lissy,F,1
Liszie,F,1
Lite,F,1
Litt,F,1
LITTA,F,1
LITTLEBABY,F,1
Littlebear,F,1
LITTLEGIRL,F,1
LITTLEHARL,F,1
LITTLELADY,F,1
Littler,F,1
Littles,F,1
LITZY,F,1
Livia,F,1
Livy,F,1
LIYAH,F,1
Liz-Beth,F,1
LizaBell,F,1
LIZARD,F,1
Lizy,F,1
LL,F,1
Llama,F,1
Logan,F,1
Lois,F,1
LOKE,F,1
LOKITA,F,1
LOLA-MARTA,F,1
Lola-Patches,F,1
LOLA-PRETTY,F,1
LOLALOUISE,F,1
Lolastar,F,1
LOLILOX,F,1
LOMI,F,1
Lona,F,1
LONDIE,F,1
LONDYN,F,1
Long,F,1
Lonnie,F,1
LOOPER,F,1
LOOSEY,F,1
LORA,F,1
Lorelee,F,1
Lorey,F,1
Lorraine,F,1
Lory,F,1
Lose,F,1
Lotty,F,1
Lotus,F,1
Louisa,F,1
LouLou,F,1
LOULOUTE,F,1
Lourdais,F,1
LOVEF,F,1
LOVELEY,F,1
Lovie,F,1
LOVITA,F,1
Lt.,F,1
LU-DEE,F,1
Luann,F,1
Lubee,F,1
Lucas,F,1
LUCEE,F,1
LUCHIA,F,1
Lucifer,F,1
LUCILU,F,1
LUCITA,F,1
LUCK-LUCK,F,1
Luckey,F,1
LUCKYE,F,1
LUCRETIA,F,1
LUCY(LULU),F,1
Lucys,F,1
Ludo,F,1
Luella,F,1
Lui,F,1
Luing,F,1
Luisa,F,1
Lukah,F,1
Lukas,F,1
LUKIE,F,1
Lulabelle,F,1
LULAMAE,F,1
LULI,F,1
Lulubel,F,1
LULY,F,1
LUMA,F,1
Lumi,F,1
Lummi,F,1
LUMY,F,1
LUNA-BELLE,F,1
Luna-Pearl,F,1
LUNATIC,F,1
LUNDY,F,1
LUNEDI,F,1
Lunita,F,1
LUNYSOL,F,1
Lupin,F,1
LUPITS,F,1
Lury,F,1
LUSH,F,1
Lusha,F,1
Lusy,F,1
Luv,F,1
Lux,F,1
LUZ,F,1
Lyah,F,1
Lyalya,F,1
Lychee,F,1
LYKA,F,1
LYLE,F,1
LYLITH,F,1
lylo,F,1
LYNNA,F,1
Lynvanpelt,F,1
Lyola,F,1
LYOLYA,F,1
LYRA,F,1
Lyusi,F,1
Mac,F,1
Mace,F,1
Machen,F,1
Macho,F,1
MACKENZY,F,1
MACLI,F,1
Madden,F,1
Maddle,F,1
Mademoiselle,F,1
MADONNA,F,1
Madra,F,1
MADYSEN,F,1
Mae-Ling,F,1
Maebe,F,1
MAEBEE-AUDREY,F,1
MAEBEL,F,1
MAEBY,F,1
MAGA,F,1
Maggee,F,1
Maggi,F,1
MaggieMay,F,1
MaggieMoo,F,1
Maggymay,F,1
Magick,F,1
Magie,F,1
Magoo,F,1
MAGRITTE,F,1
Mahagony,F,1
Mahkayla,F,1
MAHRIA,F,1
MAHSUD,F,1
MAIDE,F,1
MAIDELA,F,1
MAIDEN,F,1
Maiko,F,1
MAIREAD,F,1
Maisey,F,1
MAIYA,F,1
maize,F,1
MAIZEI,F,1
Majesty,F,1
MAJEY,F,1
Majken,F,1
Makala,F,1
MAKENA,F,1
Malibu,F,1
Maliby,F,1
MALIKA,F,1
Mallory,F,1
Mallwa,F,1
Mally,F,1
MALONE,F,1
Malvena,F,1
MALVINA,F,1
Mamba,F,1
MAMBAHLA,F,1
mami,F,1
Mandala,F,1
MANDISA,F,1
MANGCHI,F,1
MANGER,F,1
Manhattan,F,1
Mania,F,1
MANOY,F,1
MANTOU,F,1
Maomao,F,1
MARALYNN,F,1
MARANGELI,F,1
MARCELLA,F,1
Marcello,F,1
MARCI,F,1
Mard,F,1
Marelie,F,1
MARGARET,F,1
MARGAUX,F,1
Margeaux,F,1
MARGIE,F,1
Maribel,F,1
Marichewy,F,1
MARILLA,F,1
MARILU,F,1
Marina,F,1
Marion,F,1
Mariyah,F,1
MARLENA,F,1
Marlenlory,F,1
Marly,F,1
Marmelade,F,1
Marni,F,1
MARSHY,F,1
MARTHE,F,1
Marti,F,1
Martie,F,1
Martin,F,1
MARTINE,F,1
Marty,F,1
Marusia,F,1
MARUSYA,F,1
Marvel,F,1
MARYANNE,F,1
MARYLOU,F,1
MARYROSE,F,1
MARZI,F,1
Masa,F,1
MASADA,F,1
Masaya,F,1
Mashay,F,1
MASHEE,F,1
Mashka,F,1
Mason,F,1
MASYANYA,F,1
MATA,F,1
MATCHBOX,F,1
MATHILDE,F,1
MATIE,F,1
MATIKA,F,1
MATLIDA,F,1
MATOSKA,F,1
MATSI,F,1
Matte,F,1
Mattise,F,1
maud,F,1
mava,F,1
Mave,F,1
Mavi,F,1
Maxah,F,1
MAXCINE,F,1
Maxflower,F,1
MAXIE-ROSE,F,1
Maxxi,F,1
Maxxie,F,1
Maxy,F,1
MAXZINC,F,1
May's,F,1
MAYA-ADARA,F,1
MAYAN,F,1
MAYAPONCHO,F,1
Maybe,F,1
MAYBELL,F,1
MAYBELLENE,F,1
Maybelline,F,1
MAYHAM,F,1
Mayhem,F,1
Mayi,F,1
MAYKAYLA,F,1
maylin,F,1
MAYMAY,F,1
MAYON,F,1
Mayra,F,1
Mayze,F,1
Mazel,F,1
Mazey,F,1
Mazi,F,1
Mazie,F,1
MAZIN,F,1
Mbili,F,1
MCCARTNEY,F,1
MCCAULEY,F,1
MCCHIPS,F,1
McGee,F,1
MCTAGGART,F,1
ME,F,1
MEA,F,1
Meadow,F,1
Mecka,F,1
MEDEA,F,1
Medic,F,1
MEDINA,F,1
MEE,F,1
Meechi,F,1
Meeka,F,1
Meelah,F,1
Meelu,F,1
MEENA,F,1
Meesha,F,1
MEGE,F,1
MEGGY,F,1
MEGILITO,F,1
MEGILLAH,F,1
Megy,F,1
Megyn,F,1
MEIA,F,1
MEISHA,F,1
MELA,F,1
Melani,F,1
MELBA,F,1
Melia,F,1
Mello,F,1
Melodie,F,1
MELOSA,F,1
MELVIS,F,1
MEMA,F,1
Memta,F,1
Mendez,F,1
Menny,F,1
MENUSKI,F,1
Menzee,F,1
Meosha,F,1
Meredith,F,1
Merilee,F,1
MERINGUE,F,1
Meriwether,F,1
Merle,F,1
Merlin,F,1
MERRYLILLI,F,1
Mesa,F,1
MESH,F,1
MESSY,F,1
MESUGUNAH,F,1
METSIE,F,1
Meyi,F,1
MEZLAL,F,1
Mia-Bella,F,1
MiaFaith,F,1
Miakoda,F,1
Miami,F,1
Miata,F,1
MICAELA,F,1
Micah,F,1
Micha,F,1
Michael,F,1
MICHI,F,1
MICHIO,F,1
MICHOUX,F,1
MICHY,F,1
Mickeygirl,F,1
Midas,F,1
Midget,F,1
Miette,F,1
Miffin,F,1
MIGGIE,F,1
MIGNON,F,1
MIGUELINA,F,1
Miha,F,1
MII-MA,F,1
Miika,F,1
MIJITA,F,1
Mijo,F,1
Mikaela,F,1
MIKKA,F,1
Milady,F,1
Milagrito,F,1
MILANA,F,1
Milania,F,1
MILENA,F,1
MILFORD,F,1
Milgo,F,1
Mili,F,1
Milka,F,1
Milkshake,F,1
Mill,F,1
Millano,F,1
Millennium,F,1
MILLI,F,1
Milo,F,1
MILOH,F,1
Milou,F,1
MILTA,F,1
Milu,F,1
Mimibella,F,1
MIMILU,F,1
Mimis,F,1
Mimsy,F,1
MINE,F,1
Minerva,F,1
MINETTE,F,1
Ming-Ming,F,1
Mingy,F,1
MINI-BOO,F,1
Mini-Me,F,1
MINI-MI,F,1
Miniature,F,1
Minie,F,1
MINILIK,F,1
Minka,F,1
MINKS,F,1
Minky,F,1
Minnesota,F,1
MINNI,F,1
MINNIE-ME,F,1
Minnow,F,1
MINOUCHE,F,1
Minty,F,1
Minxy,F,1
MINY,F,1
Mir,F,1
Mira-Alsa,F,1
Mirabella,F,1
MIRABELLE,F,1
MIRIAM,F,1
MIRIN,F,1
Miru,F,1
Misa,F,1
Mischka,F,1
MISHANNA,F,1
MISHKI,F,1
Miska,F,1
Misse,F,1
MISSEY,F,1
MISSOURI,F,1
MISTEE,F,1
Mister,F,1
Misti,F,1
Mistletoe,F,1
Miszka,F,1
Mita,F,1
MITCHELY,F,1
Mitchie,F,1
MITSEY,F,1
MITSI,F,1
Mitsu,F,1
MITSY,F,1
MITTIZZI,F,1
MITZVA,F,1
Mitzvah,F,1
Mixy,F,1
MIZ,F,1
MIZTI,F,1
MMI,F,1
Mo,F,1
Moah,F,1
Mobi,F,1
Moby,F,1
Moccha,F,1
MOCHACINA,F,1
Modem,F,1
MOEY,F,1
Moja,F,1
MOKO,F,1
Moli,F,1
MOLINA,F,1
MollieRose,F,1
Molly-Loui,F,1
Molly-Muffin,F,1
MOLLY.M,F,1
Mollybloom,F,1
Molson,F,1
Mom,F,1
Moma,F,1
MOMY,F,1
Mon,F,1
Monay,F,1
MONELLA,F,1
MONINA,F,1
MONIQUE,F,1
monkee,F,1
Monroe,F,1
Monskin,F,1
Montgomery,F,1
MONTYS,F,1
Moochie,F,1
MOOKA,F,1
Mooky,F,1
MOOLA,F,1
Moonbeam,F,1
Moonie,F,1
MOOSEY,F,1
MOOSHOO,F,1
MOPS,F,1
Mopsy,F,1
Morgane,F,1
Morganna,F,1
Morica,F,1
MORISOT,F,1
Morla,F,1
MORLIE,F,1
Morocco,F,1
Morrie,F,1
Morris,F,1
Morticia,F,1
MOSEY,F,1
Moskowitz,F,1
Moss,F,1
Motas,F,1
Motti,F,1
Moty,F,1
MOTYTA,F,1
Mou,F,1
Mouchy,F,1
MOURNING,F,1
MOVELIA,F,1
Movie,F,1
Mowgli,F,1
MOYMOY,F,1
MOYRA,F,1
Mozzanella,F,1
Mozzarella,F,1
Mozzerella,F,1
MRS.DALLOW,F,1
Mrs.Pants,F,1
Ms.Brandy,F,1
Ms.Virgini,F,1
MSLUCY,F,1
Muddles,F,1
Muddy,F,1
Muench,F,1
MUGGER,F,1
muggie,F,1
MUGI,F,1
MUGSEY,F,1
Muji,F,1
Mukee,F,1
Muki,F,1
MUKU,F,1
Mulee,F,1
Mullin,F,1
Mum,F,1
MUMFORD,F,1
Mumtaz,F,1
Munch,F,1
Munchie,F,1
Munchy,F,1
Muneka,F,1
MUNICA,F,1
Munson,F,1
MUPHIN,F,1
Muppet,F,1
MUPPSIE,F,1
MURASAKI,F,1
MURIL,F,1
Murray,F,1
MURRIEPEEP,F,1
MURZILA,F,1
Musa,F,1
Muscles,F,1
MUSETTA,F,1
Mushka,F,1
Mushoo,F,1
Mushroom,F,1
Mushu,F,1
Mushy,F,1
MUSTANG,F,1
MUSYA,F,1
Mutley,F,1
Mutterfly,F,1
MUZSKA,F,1
My,F,1
MYKA,F,1
Mykah,F,1
Myke,F,1
Myko,F,1
MYNIE,F,1
MYNXX,F,1
MYRTLELUNA,F,1
myssy,F,1
MYSTERY,F,1
MYSTIE,F,1
Mystique,F,1
Mz.Thang,F,1
NABEL,F,1
Nabi,F,1
NADJA,F,1
Nahlya,F,1
NAI,F,1
Naika,F,1
Naindy,F,1
Naiya,F,1
NAJA,F,1
Nakota,F,1
NALA.M.R,F,1
NALAA,F,1
NALI,F,1
Nalo,F,1
Namaste,F,1
Nami,F,1
Namie,F,1
NAN,F,1
Nanazinha,F,1
Nandi,F,1
NANE,F,1
NANEE,F,1
NANIE,F,1
NANNETTE,F,1
Nannie,F,1
Nanu,F,1
Nanuk,F,1
Nanuq,F,1
Nanuuk,F,1
NANY,F,1
Naree,F,1
Nashville,F,1
Nassau,F,1
NASTACHA,F,1
NATA,F,1
NATASHIA,F,1
Nathasha,F,1
NATI,F,1
NATTO,F,1
NAUTICA,F,1
NAVA,F,1
Navaeh,F,1
navaree,F,1
NAVILLUS,F,1
NAY-NA,F,1
NAYDIA,F,1
Nayeli,F,1
NECA,F,1
Neda,F,1
NEEHY,F,1
NEENIE,F,1
NEETA,F,1
Negreta,F,1
Negry,F,1
NEISHA,F,1
Neko,F,1
Nela,F,1
NELANI,F,1
Nelle,F,1
NELLEE.F,F,1
Nellia,F,1
Nellx,F,1
Nemesis,F,1
NENA-DIAZ,F,1
Neneh,F,1
NENITA,F,1
Nessy,F,1
NESTLIE,F,1
NETTA,F,1
NEVAEH,F,1
Nguyenie,F,1
Nibbler,F,1
NIBLICK,F,1
Nice,F,1
Niche,F,1
NICHELLE,F,1
NICKETA,F,1
NICKO,F,1
NICO'S,F,1
NICOL,F,1
Nicola,F,1
Nicoletta,F,1
NIDHI,F,1
NIETZCHE,F,1
Nieves,F,1
NIGERIA,F,1
Night-Light,F,1
Nightmare,F,1
Nik,F,1
Nikky,F,1
NIKY,F,1
NILSA,F,1
Nima,F,1
Nimbus,F,1
NINASIMONE,F,1
NINEL,F,1
Ninette,F,1
NINNY,F,1
NINOSKA,F,1
Nio,F,1
NIP,F,1
Nipper,F,1
Nippy,F,1
Nirvana,F,1
Nisha,F,1
NISSI,F,1
Nitra,F,1
Nitsa,F,1
Nittany,F,1
Nixie,F,1
Niya,F,1
Noah,F,1
NOCCIOLA,F,1
Noe,F,1
NOELANI,F,1
NOESKA,F,1
Nogi,F,1
Nohla,F,1
NOLIE,F,1
Nolita,F,1
Nolla,F,1
Noma,F,1
NONAMI,F,1
Nonee,F,1
Noni,F,1
Noo-Noo,F,1
Nooddle,F,1
Noodies,F,1
NOOR,F,1
Nore,F,1
Nori,F,1
NORMYN,F,1
North,F,1
Notlee,F,1
Nozy,F,1
Nu,F,1
Nube,F,1
NUBIA,F,1
NUCA,F,1
Nucky,F,1
Nuka,F,1
Nuki,F,1
Numa,F,1
NUMWAN,F,1
NUNECA,F,1
NUNEE,F,1
NUNI,F,1
Nunia,F,1
Nunki,F,1
nura,F,1
NUSCH,F,1
Nushka,F,1
NUTLEIGH,F,1
Nymeria,F,1
Nymphadora,F,1
NYSSA,F,1
Nyx,F,1
O REE,F,1
O.D.,F,1
O.T.,F,1
O'KEEFE,F,1
Oboe,F,1
Ocean,F,1
OCEANA,F,1
OCHIE,F,1
OCHUN,F,1
OCTAVIIA,F,1
Oddie,F,1
Oddjob,F,1
ODENHADS,F,1
ODESSA,F,1
Odette,F,1
Odi,F,1
Odie,F,1
ODILEE,F,1
Odin,F,1
Odo,F,1
OFELYA,F,1
OHANA,F,1
Okie,F,1
Oko,F,1
Okra,F,1
OKY,F,1
Ola,F,1
oleg,F,1
Oli,F,1
Oliebol,F,1
OLIVEOYL,F,1
OLIVIER,F,1
OLIVY,F,1
Omi,F,1
OMSI,F,1
Onaya,F,1
Onix,F,1
Onon,F,1
ONYXMILLER,F,1
Onyxx,F,1
Oobee,F,1
OODONG,F,1
Oohyna,F,1
Oola,F,1
Oopla,F,1
Oopsie,F,1
Oppa,F,1
Oprah,F,1
Orbit,F,1
Orca,F,1
Ori,F,1
ORIOLE,F,1
Orion,F,1
Orla,F,1
Orphelia,F,1
Otish,F,1
Ottla,F,1
Ottli,F,1
OUIZZY,F,1
Ouka,F,1
OULYMATA,F,1
OUZO,F,1
OYA,F,1
Ozzy,F,1
P-NUT,F,1
P.,F,1
PAC,F,1
Paca,F,1
Pachi,F,1
PAKITA,F,1
PAKORA,F,1
PALM,F,1
Palma,F,1
Palmetto,F,1
PALOMITA,F,1
PALUCHIA,F,1
Pamina,F,1
Pana,F,1
Pancakes,F,1
Pancia,F,1
Pandy,F,1
Paninie,F,1
PANJA,F,1
PANORA,F,1
Panteleimon,F,1
Panther,F,1
pantone,F,1
PANZY,F,1
Pao'Pao,F,1
Papi,F,1
Papico,F,1
Pappi,F,1
Paradise,F,1
PARKS,F,1
PARMIGIANA,F,1
PARSON,F,1
Parsons,F,1
Partihead,F,1
Pashmina,F,1
Paski,F,1
PASTA,F,1
PASTINA,F,1
Pat,F,1
Patchabelle,F,1
PATCHEZ,F,1
Patchie,F,1
Patchy,F,1
Patina,F,1
PATSEY,F,1
Pattie,F,1
PATTYCAKE,F,1
PATTYLOU,F,1
PAULA,F,1
PAULINA,F,1
Pax,F,1
PAXIE,F,1
payeton,F,1
Payton,F,1
Pazuzu,F,1
Pazzy,F,1
PCHELKA,F,1
Peabody,F,1
Peachy,F,1
PEAHI,F,1
PEAKS,F,1
PEANA,F,1
Peanutbutter,F,1
Peanuts,F,1
PEARLE,F,1
Pebbie,F,1
PEBBLES-BO,F,1
Pebeles,F,1
Pecan,F,1
Pechenka,F,1
Peddle,F,1
Pedey,F,1
PEE-NUT,F,1
Peenoo,F,1
PEEPERS,F,1
Peeps,F,1
Peeves,F,1
Peg,F,1
PEGGIE,F,1
PEGGYSUE,F,1
Pegoty,F,1
Peguine,F,1
Pei-Pei,F,1
PEKA,F,1
PEKAPOO,F,1
Pekina,F,1
PELAGIA,F,1
PELLUSSA,F,1
Peluca,F,1
PELUCHA,F,1
Peluche,F,1
Peluza,F,1
PELVINA,F,1
Pema,F,1
PENCA,F,1
PENCIL,F,1
PENGUIN,F,1
PENNE,F,1
PENNELANE,F,1
PENNELOPE,F,1
PENNI,F,1
PennyLane,F,1
Pennyroyal,F,1
PENUCHE,F,1
Peny,F,1
Peony,F,1
Pepe,F,1
Pepinita,F,1
Pepper-Pancake,F,1
PEPPERBELL,F,1
PEPPERCORN,F,1
Peppers,F,1
PEPPERUZER,F,1
Pepys,F,1
PEQUE,F,1
PERAL,F,1
PERCEY,F,1
PERIWINKLE,F,1
PERLINA,F,1
Perogie,F,1
PERRITA,F,1
Persephone,F,1
PERU,F,1
Perugina,F,1
Petal,F,1
Pete,F,1
Petite,F,1
Phantom,F,1
pharrah,F,1
Phatty,F,1
Phebe,F,1
Phedora,F,1
PHEEBE,F,1
Pheonix,F,1
Pheyona,F,1
Phil,F,1
Philly,F,1
Philomena,F,1
PHOEBEE,F,1
Phonenix,F,1
PHURBA,F,1
Phynix,F,1
Pica,F,1
Picabo,F,1
PICACHO,F,1
PICCO,F,1
PICHILINA,F,1
PICHU,F,1
PIECES,F,1
Piedi,F,1
Pietra,F,1
Piffy,F,1
Piggie,F,1
PIKACANDIE,F,1
Piksy,F,1
PILI,F,1
PILL,F,1
Pillar,F,1
Pilou,F,1
PIM,F,1
PINA,F,1
Pinchez,F,1
pinci,F,1
PINE,F,1
Pineapple,F,1
PING,F,1
PINKEY,F,1
PIPPA-VICTORIA,F,1
Pippina,F,1
PIPPO,F,1
Pippolina,F,1
Pips,F,1
pira,F,1
PIRULINA,F,1
PISA,F,1
Pit,F,1
PITCHER,F,1
PITCHOUNE,F,1
PITI,F,1
Pitty,F,1
PITUNIA,F,1
PITUSA,F,1
Pixzie,F,1
PLAGE,F,1
PLATINUM,F,1
Plaxi,F,1
Play-Doh,F,1
Playa,F,1
PLEROI,F,1
PLESSY,F,1
Plonko,F,1
PLUM,F,1
Poca,F,1
Pochi,F,1
PODA,F,1
Poe,F,1
Poet,F,1
Poggi,F,1
Poison,F,1
Pokey,F,1
Pokie,F,1
POLA,F,1
Polka,F,1
POLKADOTS,F,1
POLLIE,F,1
POLLYANNA,F,1
Polo,F,1
POLOLA,F,1
Pom-Pom,F,1
Pommy,F,1
Pon,F,1
Poncho,F,1
PONTE,F,1
Poobee,F,1
POOCHEY,F,1
Poochita,F,1
Poochy,F,1
POOCIE,F,1
Poodelicious,F,1
Pooh-Bear,F,1
POOKAH,F,1
POOKEETA,F,1
Poopie,F,1
POOPSIE,F,1
Popeye,F,1
Popo,F,1
POPOLA,F,1
Poppet,F,1
POPPIE,F,1
Poppy-Hazel,F,1
Poquito,F,1
Porcha,F,1
PORCHE,F,1
Porkchop,F,1
PORSHA,F,1
Porter,F,1
Posh,F,1
POSITIVE,F,1
POSSIBLY,F,1
Posya,F,1
POUGHI,F,1
POULETTE,F,1
POULIN,F,1
Pounce,F,1
Poupee,F,1
POUPETTE,F,1
Ppomi,F,1
PPOTTO,F,1
PRAYER,F,1
PRECI-FANCES,F,1
PRECIOS,F,1
PREETZEETA,F,1
PREISS,F,1
PRENCESSA,F,1
PRESCIOUS,F,1
Present,F,1
Presious,F,1
Preta,F,1
Pretty-Lady,F,1
PRICESA,F,1
PRIDE,F,1
PRIEST,F,1
PRILLA,F,1
Prim,F,1
PRIMAVERA,F,1
Princesita,F,1
PRINCESLEA,F,1
PRINCESS_L,F,1
Princess-Fiona,F,1
Princeza,F,1
Pringle,F,1
Prinie,F,1
Prinssesa,F,1
PRISILA,F,1
PRIUS,F,1
Private,F,1
Prof.,F,1
PROFESSOR,F,1
Promiz,F,1
Proof,F,1
Prudie,F,1
PRUNELLA,F,1
PSOTKA,F,1
PSYCHOTOTO,F,1
PTAH,F,1
Pubert,F,1
Puca,F,1
Puccini,F,1
PUCEL,F,1
Puck,F,1
Pudge,F,1
Puffin,F,1
Pugglie,F,1
Puglet,F,1
Pugsie,F,1
Pugsley,F,1
Puka,F,1
PUKI,F,1
Puku,F,1
PULGUITA,F,1
PULI,F,1
PUM,F,1
PUMBA,F,1
PUNCKKIN,F,1
Punk,F,1
PUNKYDOODL,F,1
Punum,F,1
Pupcake,F,1
PUPITA,F,1
PUPPA,F,1
Puppie,F,1
Pupuji,F,1
Pure,F,1
PURI,F,1
PURIM,F,1
PURKIE,F,1
PUSSYCAT,F,1
PUTI,F,1
Putie,F,1
putney,F,1
Putty,F,1
PYLA,F,1
Q TIP,F,1
Q-TIP,F,1
Qi,F,1
QOIA,F,1
Quarter,F,1
QUARTZ,F,1
Queeney,F,1
QUEENIELUM,F,1
QUEENMARGO,F,1
QUELINDA,F,1
Quenda,F,1
Queso,F,1
QUICHE,F,1
QUILLE,F,1
Quimby,F,1
QUINA,F,1
QUINNIE,F,1
QUINNY,F,1
Qutzy,F,1
Rachael,F,1
RADA,F,1
Radar,F,1
Radha,F,1
Radio,F,1
Rae,F,1
Raf,F,1
Ragan,F,1
Rain,F,1
RAINDROP,F,1
RAISA,F,1
Rajah,F,1
Ramen,F,1
Rammy,F,1
RANDI,F,1
Rania,F,1
Rapunzel,F,1
Rasta,F,1
Rauri,F,1
RAYDER,F,1
RAYE,F,1
Rayen,F,1
Rayna,F,1
Raz,F,1
RAZZAMATAZZ,F,1
Razzle,F,1
rBABY,F,1
REBEKAH,F,1
Rebel,F,1
REBOUND,F,1
Redd,F,1
Redds,F,1
REDDY,F,1
Reenie,F,1
Reesey,F,1
REI,F,1
REIGN,F,1
Reiley,F,1
REILLY'S,F,1
Reily,F,1
REINDEER,F,1
REKA,F,1
RELEENA,F,1
REMMANIE,F,1
Remmi,F,1
REMMY,F,1
REMYRED,F,1
RENA,F,1
RENI,F,1
RENNI,F,1
RENNIE,F,1
Reno,F,1
Reny,F,1
Reo,F,1
REPEAT,F,1
RESSIE,F,1
REWARD,F,1
Rex,F,1
Rexi,F,1
REXIE,F,1
REXY,F,1
REYNEE,F,1
RHAINNE,F,1
RHEA,F,1
RIA,F,1
RIBS,F,1
Ricey,F,1
RICKI,F,1
Ridge,F,1
Ridley,F,1
RIELLY,F,1
RIFF,F,1
RIGEL,F,1
RIGLEY,F,1
Rihanna,F,1
Riker,F,1
RIKKU,F,1
RIMA,F,1
Rimbaud,F,1
RINI,F,1
RIOT,F,1
Ritz,F,1
Rivvy,F,1
Roberta,F,1
ROBLEDA,F,1
rocca,F,1
Rocco,F,1
Rocien,F,1
Rocket,F,1
ROCKETTE,F,1
rocksi,F,1
Rockxy,F,1
Rocsi,F,1
Roda,F,1
roezae,F,1
Rog,F,1
Rohan,F,1
ROKU,F,1
Roky,F,1
ROLY,F,1
Rome,F,1
Romeo,F,1
ROMINA,F,1
Roni,F,1
Rooney,F,1
ROOSTER,F,1
rootie,F,1
Rori,F,1
Rosabella,F,1
Rosalie,F,1
ROSALIND,F,1
Roscoe,F,1
ROSEBELLA,F,1
Rosee,F,1
Rosella,F,1
ROSERITA,F,1
ROSHELL,F,1
ROSIE-BABY,F,1
ROSIL,F,1
ROSINA,F,1
rosita,F,1
Rosse,F,1
Rosselyn,F,1
rossy,F,1
Rottie,F,1
ROTTINA,F,1
Rouge,F,1
Roux,F,1
Rowdy,F,1
ROWN,F,1
Roxee,F,1
Roxsy,F,1
Roxxanne,F,1
roxxie,F,1
Roxymay,F,1
ROYALE,F,1
rozay,F,1
rozey,F,1
RU,F,1
RUBBY,F,1
Rubi,F,1
Rubia,F,1
RUBIDEE,F,1
RUBLE,F,1
RUCA,F,1
RUE,F,1
RUFF,F,1
RUFFIAN,F,1
Ruin,F,1
Rumba,F,1
RUMPLESTILSKEN,F,1
Runner,F,1
RUNTLEY,F,1
Runyon,F,1
RUSHELLE,F,1
Russ,F,1
Russel,F,1
Russian,F,1
RUSSIANBEAR,F,1
ryeana,F,1
RYER,F,1
Rylie,F,1
Sabadee,F,1
SABARET,F,1
SABBATH,F,1
Sabella,F,1
Sabie,F,1
SACAGAWEA,F,1
SACHIE,F,1
SACY,F,1
Sadarra,F,1
Saddie,F,1
Sadie-Lou,F,1
Sadie-Mae,F,1
SADIE-STAR,F,1
Safari,F,1
Safiro,F,1
Sagu,F,1
Saha,F,1
Saia,F,1
SAIDA,F,1
Saide,F,1
Saidy,F,1
SAILA,F,1
Saint,F,1
SAISY,F,1
Saiya,F,1
Saku,F,1
Sakura,F,1
Sal,F,1
SALA,F,1
SALLI,F,1
SalliSue,F,1
SALLYWAGS,F,1
Salma,F,1
Salome,F,1
Saltine,F,1
Salty,F,1
Saly,F,1
SAM(SAMANTHA),F,1
SAMADHI,F,1
SAMAMTHA,F,1
SAMARI,F,1
SAMERAH,F,1
SAMEVE,F,1
Samie,F,1
SAMIR,F,1
Sammantha,F,1
SAMMI-JO,F,1
Sammie(Samantha),F,1
SAMRAH,F,1
SAMSARA,F,1
Samsoonie,F,1
SAMURAI,F,1
Samus,F,1
San,F,1
Sanai,F,1
SANCHA,F,1
SANDINA,F,1
SANDRINA,F,1
SANJURO,F,1
SANS,F,1
sansan,F,1
Santa-Bert,F,1
SANYA,F,1
SAPA,F,1
Saphira,F,1
Saphire,F,1
Saphy,F,1
Sappho,F,1
SARA-BETH,F,1
SARAFINA,F,1
SARAHBELLE,F,1
Saralena,F,1
Sarge,F,1
sasa,F,1
SASCH,F,1
SASCHIE,F,1
SASH,F,1
SashaDora,F,1
SASHIE,F,1
SASJA,F,1
Sassi,F,1
SASSYSOPHI,F,1
Sasy,F,1
SATCH,F,1
SATCHY,F,1
Sativa,F,1
Saturday,F,1
Satya,F,1
Saucy,F,1
SAUNI,F,1
SAUSALITO,F,1
Savahna,F,1
SAVANAH,F,1
Savvy,F,1
Sawday,F,1
Saya,F,1
SAYDEE,F,1
Saydie,F,1
Sayeh,F,1
SCALLYWAG,F,1
Scampi,F,1
Scandal,F,1
SCHATZE,F,1
SCHATZEE,F,1
SCHMOOPY,F,1
Schmutzi,F,1
Schmutzy,F,1
SCHNAPPS,F,1
SCHOONER,F,1
SCHTZIE,F,1
Schutz,F,1
Schuyler,F,1
Scoob,F,1
Scooby-Doo,F,1
SCOOBYDORA,F,1
Scoop,F,1
Scorpia,F,1
SCORPIO,F,1
Scott,F,1
SCOTTE,F,1
Scottie,F,1
Scotty,F,1
Scrabble,F,1
SCRAPPER,F,1
SCRIBBLES,F,1
SCRUNCH,F,1
Scuba,F,1
SCUNGILLI,F,1
Scylla,F,1
Sealy,F,1
SEANA,F,1
Seanguh,F,1
SEAVER,F,1
SEERA,F,1
SELKIE,F,1
semag,F,1
Semba,F,1
SEMUELLA,F,1
SENATOR,F,1
SENDY,F,1
SENNA,F,1
SENTURIA,F,1
SEPTEMBER,F,1
Sequence,F,1
SERA,F,1
Serafima,F,1
SERAFINA,F,1
Serendipity,F,1
Sergeant,F,1
SERINA,F,1
Serious,F,1
Serrano,F,1
SeSe,F,1
Sgt,F,1
SHA,F,1
Shabu,F,1
Shacha,F,1
SHADEY,F,1
SHADOWBEAR,F,1
SHADOWETTE,F,1
SHAFT,F,1
SHAIKE,F,1
Shaka,F,1
Shakes,F,1
Shakhira,F,1
SHAKI,F,1
Shakita,F,1
Shakna,F,1
Shaky,F,1
SHALA,F,1
SHALAH,F,1
SHALER,F,1
Shalom,F,1
Shalyn,F,1
SHAMIE,F,1
Shamo,F,1
SHAMPAYN,F,1
Shandy,F,1
Shangri-La,F,1
Shani,F,1
Shannah,F,1
Shanon,F,1
SHANYA,F,1
Shao,F,1
SHAQUIRA,F,1
Sharkira,F,1
Sharky,F,1
Sharlena,F,1
Sharon,F,1
Shashlik,F,1
SHASHUN,F,1
SHATZE,F,1
SHATZEE,F,1
Shatzie,F,1
SHAUHNA,F,1
shawty,F,1
Shay,F,1
SHAYDEE,F,1
Shaylee,F,1
SHAZHA,F,1
Shazzie,F,1
She,F,1
SHEARER,F,1
SHEBBA,F,1
SHECKY,F,1
SHEERA,F,1
SHEINA,F,1
SHELBI,F,1
Shelda,F,1
SHELIA,F,1
Shelow,F,1
SHEMAN,F,1
Sherone,F,1
SHERPA,F,1
SHERRA,F,1
SHERYL,F,1
SHESHE,F,1
SHETZCIE,F,1
Sheva,F,1
SHEYANNE,F,1
SHIBAH,F,1
SHIBBY,F,1
SHIELA,F,1
SHILAH,F,1
SHILIH,F,1
SHILLELAGH,F,1
Shilling,F,1
SHILON,F,1
SHILOW,F,1
Shimmi,F,1
Shine,F,1
Shiner,F,1
Shiney,F,1
SHINGALANA,F,1
Shinju,F,1
SHINNY,F,1
SHINY,F,1
SHIRAZ,F,1
SHISHKA,F,1
SHISTY,F,1
Shiwa,F,1
SHMOOGIE,F,1
SHOBAI,F,1
Shocko,F,1
Shoe,F,1
SHOELACE,F,1
Shoovie,F,1
SHORTCAKE,F,1
Shortie,F,1
Shortv,F,1
SHOTSI,F,1
SHOTSIE,F,1
Shu,F,1
SHU-SHU,F,1
Shubby,F,1
SHUGIE,F,1
Shumi,F,1
Shur-Paws,F,1
Shya,F,1
Shyann,F,1
Shysha,F,1
Shysty,F,1
Sickan,F,1
Sid,F,1
Siddalee,F,1
SIDHARTHA,F,1
Siegy,F,1
Siku,F,1
Sila,F,1
SILION,F,1
SILK,F,1
Silky,F,1
SILVEE,F,1
Silverline,F,1
Silvie,F,1
Simmer,F,1
Simon,F,1
SIMPLY,F,1
Simyra,F,1
Sin,F,1
SINA-MIN,F,1
sincere,F,1
SINDEL,F,1
Sinder,F,1
Sipsey,F,1
Sir,F,1
Siren,F,1
SIRI,F,1
Sirus,F,1
SIS,F,1
SISCO,F,1
SISKA,F,1
SISSIE,F,1
SISTAH,F,1
Sita,F,1
siu,F,1
sizie,F,1
SIZZEE,F,1
Skeets,F,1
Sketch,F,1
SKIDDLES,F,1
SKILO,F,1
Skittle,F,1
Skittlez,F,1
SKUBE,F,1
Skully,F,1
SKYI,F,1
Skylark,F,1
SKYWALKER,F,1
SLEEPY,F,1
Slice,F,1
Slinkey,F,1
SLIPPERS,F,1
Slivovitz,F,1
SLONE,F,1
SMARTY,F,1
Smiley,F,1
Smithupicks,F,1
Smitty,F,1
Smoke,F,1
Smokie,F,1
Smoky,F,1
Smooshy,F,1
Smooth,F,1
Smoothie,F,1
Smores,F,1
Smorkie,F,1
SNAPPLE,F,1
Snapples,F,1
Snappy,F,1
Sneaky,F,1
SNIP,F,1
Snooker,F,1
Snoppy,F,1
Snowbell,F,1
SNOWBELLE,F,1
SNOWDOT,F,1
SNOWEY,F,1
Snowshoe,F,1
SNOWSTER,F,1
SNOWWINTER,F,1
SNUG,F,1
Snuggle,F,1
Snuggy,F,1
SO,F,1
Soba,F,1
SOCO,F,1
Sofia-Coppola,F,1
SOFIYA,F,1
SOFTBALL,F,1
SOFY,F,1
SOHIE,F,1
SOHO,F,1
SOLFI,F,1
Solita,F,1
Solly,F,1
SON,F,1
Sona,F,1
SONATA,F,1
Soni,F,1
SONNET,F,1
Sonoma,F,1
Sonora,F,1
SONORAH,F,1
SOO,F,1
SOON-EE,F,1
SOONI,F,1
Soonie,F,1
Sophea,F,1
SOPHIAROSE,F,1
SOPHIE-RAE,F,1
Soprano,F,1
SORCHA,F,1
SOROYA,F,1
SORROW,F,1
SOUCHAN,F,1
SOULFULLIL,F,1
Sox,F,1
Soy,F,1
SOZEY,F,1
SPAGETTI,F,1
Sparkel,F,1
Sparkie,F,1
Sparkplug,F,1
Sparrow,F,1
Speatzel,F,1
Spec,F,1
SPECIAL,F,1
SPECKLES,F,1
Speed,F,1
SPEEDYGIRL,F,1
SPETZLE,F,1
SPICY-GIRL,F,1
SPIFFY,F,1
Spinella,F,1
Spitfyres,F,1
SPITHA,F,1
Splash,F,1
Spohy,F,1
SPOOKY,F,1
Spots,F,1
Spotty,F,1
Spreewee,F,1
SPREWELL,F,1
SPRINGER,F,1
Sprite,F,1
Spruce,F,1
Sprungli,F,1
Spudds,F,1
spukey,F,1
SPUNKI,F,1
Spunkie,F,1
SQUEAK,F,1
Squeakers,F,1
Squeeker,F,1
Squeezelee,F,1
Squirrel,F,1
St.Francis,F,1
Stacey,F,1
Stacks,F,1
STAICY,F,1
STALYS,F,1
Starboard,F,1
STARBUCKS,F,1
STARDIVINA,F,1
STARDUST,F,1
Starfire,F,1
STARLA,F,1
STARLET,F,1
STARLETTE,F,1
Starrs,F,1
Stasya,F,1
Staten,F,1
STEELEY,F,1
Steleto,F,1
STELLA-BEL,F,1
STELLA-BELLA,F,1
STELLAMARIS,F,1
STELLINA,F,1
Stephiny,F,1
Sterling,F,1
Sthephanie,F,1
Stich,F,1
Stitches,F,1
STOCKY,F,1
STOLI,F,1
Stolly,F,1
stonewall's,F,1
Stony,F,1
STORY,F,1
Strawberry,F,1
Streak,F,1
STREETZ,F,1
Strlight,F,1
STROMY,F,1
Strufella,F,1
STRUT,F,1
Stubby,F,1
STUCHIE,F,1
Suagr,F,1
Subee,F,1
Sucky,F,1
Sudi,F,1
Sue-Sue,F,1
Suede,F,1
SUEFLAE,F,1
SUEIE,F,1
Sueki,F,1
SUERTE,F,1
SUGARBEAR,F,1
SUGARE,F,1
SUGARHONEY,F,1
Sugi,F,1
Suikee,F,1
Suka,F,1
Sukey,F,1
SUKI-LANI,F,1
SUKIE,F,1
Sukiyaki,F,1
Suky,F,1
suli,F,1
SULIA,F,1
SULING,F,1
Sulley,F,1
Sullivan,F,1
SUNCLOUD,F,1
Sundance,F,1
SUNFLOWER,F,1
SUNI,F,1
Sunita,F,1
SUNOMI,F,1
SUNRISE,F,1
Super,F,1
SURELY,F,1
SURFER,F,1
SURPRISE,F,1
SURY,F,1
SUSANNA,F,1
Susee,F,1
Susina,F,1
Sussane,F,1
Sussue,F,1
SUSU,F,1
SUSYE,F,1
Sutra,F,1
SUVI,F,1
SUZE,F,1
Suzee,F,1
SUZIE-O,F,1
suzieq,F,1
Suzuki,F,1
Suzy-Q,F,1
SUZZIE,F,1
SVARTI,F,1
Sweecie,F,1
SWILLY,F,1
Swiss,F,1
Switch,F,1
SWITZERLAND,F,1
SWT.HARLEY,F,1
SYD,F,1
Sydne,F,1
SYDNY,F,1
SYLVA,F,1
SYLVANA,F,1
Sylvanas,F,1
Synamin,F,1
Syndney,F,1
SYNERGY,F,1
Syrai,F,1
SYREESE,F,1
Syrie,F,1
SZASZU,F,1
Szuri,F,1
TA,F,1
TAAVI,F,1
TABASCO,F,1
TABATA,F,1
TABBIE,F,1
Tabby,F,1
TABELLA,F,1
Tabouleh,F,1
Tache,F,1
Tachi,F,1
TACO-BELLA,F,1
Tacy,F,1
Tade,F,1
Tae,F,1
TAEYONG,F,1
Taffeta,F,1
Tag,F,1
Taga,F,1
Taggart,F,1
TAHITI,F,1
TAHLULA,F,1
Tahoe,F,1
Tailer,F,1
Tailgate,F,1
TAILOR,F,1
Taisia,F,1
TAJA,F,1
TAJEE,F,1
Takara,F,1
TALA,F,1
TALI,F,1
Talia,F,1
Talisker,F,1
TALLEY,F,1
TALLUAH,F,1
Taloula,F,1
TAMARI,F,1
TAMAY,F,1
TAMBER,F,1
Tamboo,F,1
TAMIA,F,1
TAMY,F,1
TANDI,F,1
Tangerine,F,1
Tangy,F,1
tanita,F,1
Tansy,F,1
Tanuki,F,1
TANY,F,1
TANZI,F,1
Target,F,1
Tarj,F,1
Taro,F,1
Tarra,F,1
TARSHA,F,1
TARSHIO,F,1
TARTINE,F,1
Tasmin,F,1
Tasnma,F,1
Tassel,F,1
Tassy,F,1
TASYA,F,1
TATA,F,1
Tater,F,1
TATOU,F,1
Taty,F,1
TATYANA,F,1
TAYA,F,1
TAYSHA,F,1
Tazzy,F,1
Te`a,F,1
tea,F,1
Teacup,F,1
TEAGAN,F,1
TEAKA,F,1
Teal,F,1
TEAWI,F,1
Teckla,F,1
Teeka,F,1
TEEKO,F,1
Teenie,F,1
TEERO,F,1
TEFFY,F,1
TEKLA,F,1
Teky,F,1
TEMMY,F,1
TEMPER,F,1
TENA,F,1
TENDERLAND,F,1
TENNESEE,F,1
Tenni,F,1
TENNISON,F,1
Tenny,F,1
TENSHI,F,1
Tenten,F,1
TEQUILLA,F,1
Tera,F,1
TERCIA,F,1
Teresa,F,1
TERI,F,1
TERLISE,F,1
TERRACOTTA'S,F,1
Terressa,F,1
TERRI-LOV,F,1
TERRIANN,F,1
Terrie,F,1
TERRYLYN,F,1
TESSI,F,1
TETE,F,1
Texa,F,1
Texas,F,1
Thacker,F,1
Thai,F,1
THAIS,F,1
THANDIE,F,1
THEADORA,F,1
Theo,F,1
THEODORA,F,1
Thera,F,1
THINKER,F,1
THISBE,F,1
THISTLE,F,1
Thor,F,1
THORA,F,1
THRILLER,F,1
Thumper,F,1
TIARA,F,1
Ticker,F,1
TIFF,F,1
Tiffani,F,1
Tiffany-Rosado,F,1
TIFFANY'S,F,1
Tiffie,F,1
TIGALINA,F,1
TIGERINA,F,1
TigerJonas,F,1
Tiggu,F,1
TIGGY,F,1
Tigist,F,1
TIGRILLA,F,1
TIHAI,F,1
TIKAANI,F,1
Tikia,F,1
TIKKANEN,F,1
TIKKITIKKI,F,1
Tikkun,F,1
Tikvah,F,1
TILLA,F,1
Tilley,F,1
Timba,F,1
Timbra,F,1
TIMI,F,1
TIMID,F,1
Ting,F,1
Tinkabelle,F,1
TINKEBELL,F,1
Tipitina,F,1
Tippe,F,1
Tippie,F,1
TIPS,F,1
TIPSY,F,1
TIPTOE,F,1
TISDALE,F,1
Tish,F,1
TISKET,F,1
Titan,F,1
TITBIT,F,1
Titia,F,1
Titina,F,1
Tittany,F,1
TJ,F,1
Tnikita,F,1
TO-KORI,F,1
TOADETTE,F,1
Toaster,F,1
TOASTIE,F,1
Tobasco,F,1
Tobie,F,1
TOBIEIVORY,F,1
Tobillo,F,1
TOCCATA,F,1
Toco,F,1
Tod,F,1
TODOS,F,1
TOE-TOE,F,1
Toepher,F,1
Tofu,F,1
Toga,F,1
TOGO,F,1
Tokeh,F,1
Tokyo,F,1
Tol-tol,F,1
Tom,F,1
Tona,F,1
TONEY,F,1
Tong,F,1
TONIELLA,F,1
TONYA,F,1
Toobab,F,1
Toodles,F,1
Toostie,F,1
Toots,F,1
Topper,F,1
Tora,F,1
TORBO,F,1
Torga,F,1
Tornado,F,1
Torres,F,1
Torrie,F,1
Torry,F,1
TORSHI,F,1
Tory,F,1
Toshi,F,1
TOSIA,F,1
Touch,F,1
TOUKIS,F,1
TOUNDRA,F,1
Tova,F,1
TOVBIN,F,1
Toy-Waffles,F,1
Toyota,F,1
TP,F,1
TRACE,F,1
Tracer,F,1
TRACIE,F,1
TRALLIE,F,1
Trasa,F,1
Traveler,F,1
TRAVELLER,F,1
TRAY,F,1
Treat,F,1
TREENIE,F,1
TREISY,F,1
Trena,F,1
Tres,F,1
Tressy,F,1
TREVA,F,1
Trexxie,F,1
Trey,F,1
TRICKCY,F,1
TRICKSY,F,1
TRINAMARIE,F,1
Trip,F,1
Trippel-O,F,1
Triscuit,F,1
Tristan,F,1
TRISTY,F,1
TRIXIEBELLE,F,1
TRIXIEGIRL,F,1
Trixsie,F,1
Trixsy,F,1
TRIXXY,F,1
Trot,F,1
TROUBLEE,F,1
Troubles,F,1
TROUTWIG,F,1
TRUDGE,F,1
TRUDI,F,1
Trufa,F,1
Truffle,F,1
TRUMPET,F,1
TSERING,F,1
Tsquila,F,1
Tsuki,F,1
Tsunami,F,1
Tubby,F,1
TUCA,F,1
Tuchi,F,1
Tuck,F,1
Tuezday,F,1
TUKIE,F,1
Tulah,F,1
Tuli,F,1
Tulilp,F,1
TULLIE,F,1
TUNA,F,1
TUNDRA,F,1
TUNKER,F,1
TUO,F,1
TUPPY,F,1
TURANDOT,F,1
Turkey,F,1
TURVY,F,1
Tusia,F,1
TUSITA,F,1
Tuta,F,1
Tutsie,F,1
Tutti,F,1
TUTY,F,1
Tux,F,1
TUYA,F,1
Twig,F,1
TWIGA,F,1
Twilight,F,1
Twist,F,1
Twitter,F,1
Twombly,F,1
Ty,F,1
TYAPA,F,1
Tyko,F,1
TYLERS,F,1
Tynee,F,1
Tyr,F,1
TZEITEL,F,1
TZHINGA,F,1
Tzoonee,F,1
UBIE,F,1
UJUBUBU,F,1
Ukie,F,1
ULLA,F,1
Ulrika,F,1
Umka,F,1
Umlaut,F,1
UNICA,F,1
Uptown,F,1
Uri,F,1
Usha,F,1
VADA,F,1
Vader,F,1
Vajra,F,1
Valbona,F,1
Valencia,F,1
Valeria,F,1
VALERIE,F,1
VALI,F,1
Vallery,F,1
VALLI,F,1
Valntyne,F,1
VALRHONA,F,1
Vamp,F,1
Vankel,F,1
Vanna,F,1
VARKA,F,1
VEDDA,F,1
Vee,F,1
Velcro,F,1
VENEZIA,F,1
VERONIQUE,F,1
Versace,F,1
Vianney,F,1
Viara,F,1
Vic,F,1
VICENTA,F,1
VICTORY,F,1
Vikki,F,1
VINKY,F,1
Vinuss,F,1
Viola,F,1
Violeta,F,1
VIOLETTE,F,1
Viper,F,1
VISTA,F,1
Vitola,F,1
Vivien,F,1
Vivienne,F,1
VOGUE,F,1
VOILET,F,1
Volcano,F,1
Voltron,F,1
Vous,F,1
Vu,F,1
VUITTON,F,1
Wa,F,1
Wa-Le-Li,F,1
Waan,F,1
WALI,F,1
Wallaby,F,1
WALMART,F,1
WALNUT,F,1
Waltraut,F,1
Wang,F,1
Warda,F,1
Webit,F,1
Wedgie,F,1
weena,F,1
WEENIE,F,1
WEETZIE,F,1
WeeWee,F,1
WEILA,F,1
Welles,F,1
Wembley,F,1
WENESDAY,F,1
WESA,F,1
WHATLOLA,F,1
WHEATLEIGH,F,1
Wheezz,F,1
Whimsey,F,1
Whinnie,F,1
WHIR,F,1
Whisky,F,1
Whistle,F,1
WHIZZLE,F,1
Whizzy,F,1
WHOOPIBELL,F,1
Wicket,F,1
Widget,F,1
WIGGS,F,1
Wiki,F,1
Wilamena,F,1
Wilbur,F,1
Wiley,F,1
Wilhemina,F,1
Will,F,1
WILLAMENA,F,1
Willie,F,1
WILLOWBABI,F,1
Willy,F,1
Wilson,F,1
Wimba,F,1
Winchester,F,1
WINGSVELLA,F,1
Wink,F,1
Winkles,F,1
Winky,F,1
WINNE,F,1
Winnipeg,F,1
WINNY,F,1
Winnye,F,1
WINSLET,F,1
WIRGINIA,F,1
WISDOM,F,1
Wishbone,F,1
WON-A-NEE,F,1
WONGWONG,F,1
WONTON,F,1
Woo,F,1
Woof,F,1
Woofy,F,1
Woola,F,1
WOOLSEY,F,1
Wooster,F,1
WORMER,F,1
Wotana,F,1
wuffie,F,1
Wylie,F,1
WYNSOME,F,1
X,F,1
Xamantha,F,1
XANJA,F,1
Xaria,F,1
XICA,F,1
Xin,F,1
XIQUI,F,1
Xochi,F,1
XODO,F,1
Xola,F,1
XU,F,1
XXsAndOOs,F,1
xylla,F,1
YA,F,1
Yaffa,F,1
Yahtzee,F,1
Yali,F,1
YAMILAH,F,1
Yanco,F,1
Yani,F,1
YANKS,F,1
Yany,F,1
yari,F,1
Yaru,F,1
Yary,F,1
YEADAHN,F,1
YEIRA,F,1
Yelda,F,1
YEPPI,F,1
YHEN,F,1
YIK,F,1
YIPPIE,F,1
YOFFEE,F,1
Yogurt,F,1
YOKI,F,1
YOKU,F,1
YOLI,F,1
YOLO,F,1
Yomi,F,1
Yona,F,1
YOO-RI,F,1
Yoobi,F,1
YORKIE,F,1
Yory,F,1
YOUGURT,F,1
YSABEL,F,1
Yu-My,F,1
Yuba,F,1
Yue,F,1
YUFIE,F,1
YUKA,F,1
YUKY-LULU,F,1
YULIE,F,1
Yuma,F,1
YUME,F,1
YUNA,F,1
YVETTE,F,1
Yzma,F,1
Za,F,1
ZACHA,F,1
Zack,F,1
Zackia,F,1
ZAENA,F,1
Zaggy,F,1
ZAHAVA,F,1
Zai,F,1
Zaida,F,1
ZALES,F,1
Zally,F,1
Zam,F,1
ZAMI,F,1
Zaphire,F,1
ZAPPA,F,1
Zarina,F,1
ZAS,F,1
ZASHA,F,1
ZAZIELILOU,F,1
Zazou,F,1
ZAZZA,F,1
Zee,F,1
Zeebie,F,1
Zeera,F,1
Zeesie,F,1
Zeli,F,1
Zenith,F,1
Zephyr,F,1
Zeppo,F,1
Zesilia,F,1
ZETTI,F,1
Zeus,F,1
ZEZU,F,1
ZHAZHA,F,1
ZHI,F,1
Zhu,F,1
Zhushka,F,1
Zig,F,1
Zilla,F,1
ZIM,F,1
Zion,F,1
Zip,F,1
Zipper,F,1
ZIPPO,F,1
ZIRA,F,1
ZODY,F,1
ZOEE,F,1
ZOEL,F,1
Zoenolmets,F,1
Zoescarlet,F,1
Zoey-Marie,F,1
Zoge,F,1
ZOI,F,1
Zona,F,1
Zoobles,F,1
Zoola,F,1
ZOOMY,F,1
Zooza,F,1
ZOPHYA,F,1
Zosya,F,1
ZOWE,F,1
ZSAZSA,F,1
Zuckie,F,1
Zuey,F,1
Zuko,F,1
ZUKU,F,1
ZULLY,F,1
ZUSY,F,1
ZUZI,F,1
Zuzia,F,1
Zuzie,F,1
ZYLER,F,1
ZZ,F,1
