dog_name,gender,n, icon
Bella,F,766, http://icons.iconarchive.com/icons/icons8/ios7/96/Animals-Dog-icon.png
Princess,F,574,http://icons.iconarchive.com/icons/icons8/ios7/96/Animals-Dog-icon.png
Lola,F,549,http://icons.iconarchive.com/icons/icons8/ios7/96/Animals-Dog-icon.png
Lucy,F,514,http://icons.iconarchive.com/icons/icons8/ios7/96/Animals-Dog-icon.png
Daisy,F,506,http://icons.iconarchive.com/icons/icons8/ios7/96/Animals-Dog-icon.png
Coco,F,440,http://icons.iconarchive.com/icons/icons8/ios7/96/Animals-Dog-icon.png
Molly,F,413,http://icons.iconarchive.com/icons/icons8/ios7/96/Animals-Dog-icon.png
Chloe,F,329,http://icons.iconarchive.com/icons/icons8/ios7/96/Animals-Dog-icon.png
Maggie,F,316,http://icons.iconarchive.com/icons/icons8/ios7/96/Animals-Dog-icon.png
Ginger,F,303,http://icons.iconarchive.com/icons/icons8/ios7/96/Animals-Dog-icon.png
Lady,F,291,http://icons.iconarchive.com/icons/icons8/ios7/96/Animals-Dog-icon.png
Roxy,F,274,http://icons.iconarchive.com/icons/icons8/ios7/96/Animals-Dog-icon.png
Sophie,F,271,http://icons.iconarchive.com/icons/icons8/ios7/96/Animals-Dog-icon.png
Lily,F,255,http://icons.iconarchive.com/icons/icons8/ios7/96/Animals-Dog-icon.png
